coupon_batch_id,coupon_bu,matured_issued,transaction_matched,no_transaction_coupons,face_value_exposure
c6bb95a2c1f776853348893b124ffadc,A,188109,0,188109,1504872.0
6f84c2d959d7cdf1d0f43efb518b3aac,A,183841,0,183841,1135718.0
27e1f1cb59f56d122e4c0f3bf7964e3e,A,180530,0,180530,1117986.0
3ae0e384c4238765910c7a0a904e7173,A,180267,0,180267,2381134.0
7ba3f757eff2b3a8cc1e71ce46cf3090,A,166215,0,166215,1012542.0
7e0807f690c77e2682832e228a000096,A,138262,0,138262,975100.0
7e7ccd4eade5ac3562a43b88d8a44bcf,A,136666,0,136666,1095902.0
62cd83c0d4e88954ab8ebaec912297c8,A,135346,0,135346,979583.0
1c41d9d02be8f3d46d97e36b1df9c40a,A,131892,0,131892,1055136.0
9950c681ecea39da584f9072a5f1a785,A,131719,0,131719,928596.0
703398309fd41b6d86aba9e2c80f01b7,A,125267,0,125267,1002136.0
70bce9525cca393192ba80c0c7c89aec,A,120759,0,120759,734836.0
c8b6da11c511a2467a483e98b51dce9d,A,114254,0,114254,918793.0
734c2384cf5c1233feff6c27e6e1d6c5,A,109924,0,109924,550958.0
a4957af3f431035ef651262c93701693,A,109031,0,109031,877376.0
d73ef10320e6d32985e22e2c11de4408,A,106333,0,106333,851283.0
3b434bbae9990cdfefadb44d83673af2,A,106070,0,106070,756103.0
2242841b248bf8ce761b0d2dc66dcab9,A,101271,0,101271,1368521.0
62df5dfd5ce31386fc2a060f178cb7b7,A,99220,0,99220,694540.0
bf09f5e101085ea5d0cbbb40dccd45e1,A,94689,0,94689,758832.0
5843d8222bf32fad2f8e22ff86ea3a47,A,92617,0,92617,742707.0
73bade6546eb7083b9873cad2dc3595d,A,85433,0,85433,608037.0
821eb8e59b206018d7faa112de00be14,A,84414,0,84414,1137107.0
da2ebcd4075dd1e85954fc3178fe529b,A,80162,0,80162,641296.0
6eb9e9bef2b77ef2c1cd1abe8df1a7a8,A,79958,0,79958,492153.0
2e165782998aa0c0138bee95bc2ef6c0,A,79606,0,79606,483560.0
60bb3c088a0b1f7f0b5a4c78fa740f8f,A,75998,0,75998,607984.0
3e52042a01c665279cff5661a33ee7bb,A,74195,0,74195,990846.0
c87a7f2b0db1c3f378d1e7184cdf970f,A,72000,0,72000,505986.0
9e2995ca00c688e8675f806bb3047614,A,71779,0,71779,717790.0
8c12b33cac0cea6fe5a0bc74e3fbe7e6,A,70546,0,70546,352730.0
5bc0b16dc81bc317063663fdecb97d9a,A,69849,0,69849,432744.0
7546120f4210b216e04888dc30002e7b,A,68589,0,68589,548712.0
c3629ac4b50b6c5f3383f6669d98d040,A,67933,0,67933,488456.0
53f84d55d982caaadf545a4ed1d22bee,A,67624,0,67624,545277.0
353ddb1bece181e304039aab8ba20321,A,67590,0,67590,473130.0
6622fa05cdf729e2748aba7093986996,A,65232,0,65232,521856.0
e5603ec1d3ed84f5cfd1e0245f46e1fe,A,64158,0,64158,391463.0
ee08b644e69a56c7b6a326b5585243d7,A,59699,0,59699,340320.7
45b0ea78c312c25136aadd3588cba4d0,A,58696,0,58696,472710.0
0c9c38d6a2c0824896d01b2f376720d7,A,58368,0,58368,468956.0
aa4b41a932c33ea06e85c0a29bf642b9,A,57332,0,57332,413562.0
aa7b19e5391226988f194e129e03170c,A,53936,0,53936,354309.0
b077a5d933fd0dda31ec37011cc20d41,A,49746,0,49746,319710.0
8e1d1678538daac53a68fb8c54cd336f,A,49200,0,49200,246000.0
e98706aa6d64e69f014030d7d1dc1e62,A,48446,0,48446,387568.0
926b80c026476156b74e282110f763ae,A,47804,0,47804,338449.0
c5d7ba264305c2581e744111366e9993,A,46818,0,46818,327726.0
87b579cbf70224f5c5139a832a3b5632,A,45918,0,45918,367344.0
7d5013c07d7c1066c758a81435205d68,A,44968,0,44968,326446.0
e2a1b4fd8b09db4a409042ae1105ba1f,A,44204,0,44204,319703.6
6d82f03f889b05ad21b04933f0dac8e7,A,43961,0,43961,110126.9
d7940f615241fee26305da65b153db81,A,42928,0,42928,300496.0
f8dca62d586d06db26131c8042bd7aa4,A,42225,0,42225,303730.0
46973c936028a9a131773865043b3a67,A,41410,0,41410,257302.0
6a27c30b018d593fdefb2eb9b9e901d8,A,40667,0,40667,325336.0
269b25b52a40e8b3bc57135b55c7e2bf,A,39467,0,39467,242342.0
851485910559c38d1d758a73f27ec042,A,37293,0,37293,298344.0
39fe77712d3d4a894b3dd30ef1308d16,A,36760,0,36760,478701.0
a3cc1e3f655adbfb8ea073116be8c0a9,A,35214,0,35214,105642.0
5ad49d1055a4853bf94484356185ac5a,A,33679,0,33679,224536.3
a90f171798cdf59066aaea3b844dcf1e,A,32785,0,32785,436480.0
e65bf2ebcd3ed496ba4456217e5f7726,A,31836,0,31836,426431.0
a8b5f974a09181e0784b133eaadce628,A,28124,0,28124,253116.0
02eaa9818ec1399e71224e0904501888,A,27844,0,27844,417660.0
dfd3b7c5d203980bb66e104e1b51a5bd,A,25224,0,25224,126120.0
9d7800e64a1ee0f9c6f4b69819ead950,A,23553,0,23553,211977.0
19a3909dcd17df77f941da7199914fca,A,21713,0,21713,133204.0
56354f5998013b434cfc19ae16715a33,A,21141,0,21141,217352.0
617d5e1dfd4070c6f501e35aea89b6f1,A,20438,0,20438,102190.0
b28dbf0daab4fc3894143f92a8c770ef,A,20377,0,20377,203770.0
87241fc1e884f3f37a597d76bd821bec,A,19762,0,19762,188908.3
27954daf1a1100bb24ec75c56bdc685c,A,18772,0,18772,72255.2
5ef49762b5222a40144544d6b3f5174d,A,18273,0,18273,182730.0
b49966e2cf1d227737874394c50f64ff,A,17615,0,17615,41942.3
4d63d9ca9b416b39973342665a037dfd,A,17508,0,17508,190254.0
ac53e09160b8af753369eeb71c736581,A,16420,0,16420,213940.0
33eb55a3a89eef42d71b0b49a827c776,A,16278,0,16278,55869.1
f85a45c4563f2a38b4c0dc9ed913db8e,A,16130,0,16130,116904.5
3df210aafed4172d7834dbd3ad1686ea,A,15870,0,15870,213447.0
19d28273d598f9b65c401b3f1a146827,A,15688,0,15688,107497.8
e36a1d26cdd0aeae07d2bf2c87c15a05,A,15673,0,15673,64744.2
6c2dd9a4475b22d55b8b864abe75205a,A,15165,0,15165,151739.4
38223d126e4a8f31516f02b0e699675c,A,14929,0,14929,104984.6
33fb1ff25287b82fea8c3d477915fa77,A,14546,0,14546,177161.0
1f7f0184ae6b48c19564b6c75837b284,A,13862,0,13862,124758.0
f8986f76e784c96fabefb719ce9a797d,A,13769,0,13769,110152.0
75e9c10d8e4e17e9c1c73f07c363dafa,A,12690,0,12690,101520.0
8fc843f6b5cb98a26000553f412402e1,A,12513,0,12513,89897.0
13c4439957148088e1a6ba0e1bc2bcb0,A,12089,0,12089,96703.3
4706f95694ab07876648acdfdaee0449,A,11985,0,11985,83895.0
16b4cee23ba78050bbfd0404c0c757aa,A,11626,0,11626,93008.0
1292e433cc30c17daef0f5ea81371a57,A,11603,0,11603,115982.9
a09069794d81d691f73a80658e4daa60,A,11584,0,11584,115840.0
f1a71cbd5d4df5b1a264bbebfaea99e0,A,11471,0,11471,91768.0
28d42e66b6483ec47ab8f1ec34c9b492,A,11075,0,11075,166125.0
d176571c77d6eb69f7e174320f33b2e6,A,10689,0,10689,112830.0
4327293157c6834741dd3ce1b39caca3,A,10523,0,10523,52615.0
ae7b18fb7438d4862845d36462b7eb84,D,10324,0,10324,0.0
1cc807779c93bbec90db99f22a8279f3,A,10181,0,10181,81448.0
71fd3c8b72dc2c2cb7451ffb1365f7e5,A,10114,0,10114,100504.4
dd6626f4508b17df4ef4f571e1be7708,A,9932,0,9932,99320.0
41e633a9c72057c8ac140d5d3b3b6442,A,9674,0,9674,77392.0
22111a52ee50778c1997e2ba7ea6e652,A,9641,0,9641,129968.0
6550acd5a4eed39507881bb972a58013,A,9551,0,9551,52831.8
521e8170269d9424735303d124e2d482,A,9448,0,9448,75584.0
82ce7141fa32d7ef262475e596b42c9a,D,9369,0,9369,0.0
937f22f1c38d12caedbc23e34a07b3b8,A,9259,0,9259,74072.0
6bf225f03a0051c0d1f0235c49cb17d2,A,8929,0,8929,71432.0
698f3e5718f96c67327806df568b7a96,A,8905,0,8905,71071.0
3505fb3c8c9c9273a8014b5d475a35de,A,8784,0,8784,61488.0
88d8c05bb2038dc365b70d28a9ea442e,A,8782,0,8782,70256.0
cc26aae8c74a3613550221e7b0f9b368,A,8725,0,8725,69800.0
63f985be6faeef1b6fec812c743824fa,A,8482,0,8482,101784.0
6a084c8032a35422582e6cc439575d52,D,8364,0,8364,0.0
792b1cf03ef052a31780ff243836048f,A,8298,0,8298,66384.0
4329a05b25c88c90fea59b710084abc3,A,8179,0,8179,40895.0
15ea328f8fe455bc01a1de0bb412638d,B,8156,0,8156,81560.0
b8d593dd00a89a4b8457471918700f32,A,8099,0,8099,113727.3
341502605c241ad2e3284ba0683b7f3d,A,8028,0,8028,31626.5
9e7d354c7c2efca63b75c9bb995cddf1,A,7955,0,7955,91464.1
460b15d2f5947742d121778c288d8323,A,7836,0,7836,62688.0
1edc9524487e1494a43e9e5fb7542d94,A,7823,0,7823,35053.6
4392992c66675c2e991e9884b61e0bad,A,7764,0,7764,104182.0
9e2b864cb4cfdf3885e6d62f97a09e50,A,7503,0,7503,45395.9
a8ca3c457b0da7508042dd3f6521d9a0,A,7479,0,7479,59832.0
c3ed9869853394fd457f29915f66a46a,A,7264,0,7264,34440.2
4370123b103181792f9c0e110c59e318,A,7239,0,7239,86868.0
df5e873c95eb4fa8052c72a340d08322,A,7193,0,7193,35965.0
da55c8bf57b8ef7d5adc1194c05677e7,A,6764,0,6764,67640.0
1fdee7c2132f9807c7baf55ca4c494eb,A,6654,0,6654,532320.0
7e6079cdab9849065f9ccde34c980c6f,A,6653,0,6653,66530.0
61211c5b439bd6bbae0154394a5a148d,B,6522,0,6522,3261000.0
eaf9cd7e593fd44abc88221e0b42458f,A,6408,0,6408,51264.0
4c530badaba79ffa7be2bb316a1e0f9f,A,6326,0,6326,83571.0
96bc658ab403adbef4cb095dc7e741bd,E,5893,0,5893,41251.0
6a73e66f0e4d313d5ffc41b6171f218b,A,5892,0,5892,35014.9
ae8548bb38f664bbc7db1b98cfb7b606,A,5879,0,5879,47032.0
ed23d1e745e60390da36067f337fc722,A,5860,0,5860,29300.0
4fb1f61f19a41d424513eaca4b1d03ad,D,5825,0,5825,0.0
942bf93beb968cbca366d0d940ffd709,E,5711,0,5711,17133.0
cdc4c4734f79cd371a2e2183527dfebd,E,5711,0,5711,39977.0
6de523e0102b8b2c9dbcfd098096a96c,A,5643,0,5643,28215.0
27bef18f5538acd3ae7bcdca26333c7f,A,5637,0,5637,32354.6
118afaaa45394d27ef29955f690cb018,A,5560,0,5560,51183.8
969c878d448c88ffd4572127b9394c4f,A,5385,0,5385,29069.6
daaebc9aab64e6d42666bc1aabe4b24a,A,5385,0,5385,26925.0
64cc9b36b4e1a763693d2081d95a6f52,D,5359,0,5359,0.0
8ecba8e5a5a31f7745473fdb391deb35,A,5236,0,5236,17980.5
18990820778de7e6dab04b6c60f56103,A,5199,0,5199,135174.0
1c830cc22a6dd85558a2c2770d761ab1,A,5027,0,5027,25135.0
5f366d814125586227d818940c649d40,A,4960,0,4960,49600.0
53c7b4ff2b6a2c4da06620e2a25b4137,A,4956,0,4956,89208.0
8e39fe4eedcbac3c23cc9b7813680b70,A,4924,0,4924,20333.5
67d6cbb7cc05ba7640f3dad88526a26a,A,4887,0,4887,39096.0
1fe97aaec7ef9892cb311a38b25ae440,A,4777,0,4777,23885.0
632383878dee07529a8b03c5d9fa43f2,A,4751,0,4751,33257.0
d66b772af44c3d133b30d35e4404222c,A,4740,0,4740,32487.1
9697af83ab29b8897ada3cb1a68e5115,A,4713,0,4713,37704.0
e7fc2c68c6b40fa4755a0079b2cbac07,A,4713,0,4713,26631.1
76e854f9d07f01820b6603fb8eee7d28,A,4687,0,4687,28157.7
23c8b51ca6ef418b4e1918aa067278c4,B,4686,0,4686,468600.0
ce714410535697df275422b22889585a,A,4666,0,4666,23330.0
8dd8503c49b5e8c6aaea1ed7f0c49765,E,4629,0,4629,27774.0
97cabfbf93d72724be586222aa7a7085,A,4608,0,4608,24506.6
81a2139bfb4424a04d5af7c9b34d0c74,A,4552,0,4552,26712.4
ead72eba4ef69245a941fe7477c84558,A,4492,0,4492,26586.0
9f795b4791ce5ef5bb476d488ace37d5,A,4485,0,4485,26076.8
2163b8d9a2ef6bbc6bbbb9048d8467e8,A,4471,0,4471,22355.0
2c823d7feda757f56fe718ff09d56564,A,4348,0,4348,17085.2
87bfab76d336faef7d13bb8f00564b22,A,4254,0,4254,34032.0
ea16f850b33e0c002a76047c436d0242,A,4212,0,4212,24087.6
333398f613f0e82b35ad60fb0d9ff3f9,A,4175,0,4175,15665.4
18fee5dee61e2bfa0c568dfd797e739a,A,4174,0,4174,16723.8
99fe186dea9cb88be9c5c57ff641ce00,A,4086,0,4086,24450.7
4584fce4dba43552afb46e0321b12373,A,4051,0,4051,21443.3
9e698fb9dd469e756914c0efe16323f3,A,4022,0,4022,28154.0
e1599a77a1ec77b796461e6b6b05141c,B,3986,0,3986,19930.0
86db727ac279f18d967eb38468dee8a0,A,3873,0,3873,19365.0
9f51c39c40f647c00f17083ba17fd3ae,A,3825,0,3825,34283.9
a4cea2e14002c17b0d9325bd8156e24d,A,3812,0,3812,22622.8
57978ea50cff4f2e422058012a166884,A,3795,0,3795,37950.0
b49458e176570a353dca7236a9d46d65,A,3743,0,3743,6995.5
7f7b2f0170b0b873b38e13a19337d1b1,A,3739,0,3739,28065.0
75f4d2f45816d722306501f5ee95d35a,A,3728,0,3728,22272.8
e62742701bbb55ea3109888529332a27,A,3705,0,3705,25189.7
8a27a47c9dc9919f2836125d21b47b77,A,3695,0,3695,13115.8
52631e4d4cb6b52e42a3aa9d11bf0434,B,3694,0,3694,36940.0
486c7c6ac0d7dfaa5daafaef06d8bfa8,D,3690,0,3690,0.0
90bdcdd9958a2439c378922158094a5c,A,3690,0,3690,31152.0
642afb03270bd68fd78f83da781701a4,A,3665,0,3665,21099.9
8928efb25affbc40265362717cf2efc0,A,3652,0,3652,39661.3
d2a0ef7d4fd000168a3f25effa5ee1d5,D,3641,0,3641,0.0
f73853fde3d8508c551e0690dffb1261,A,3613,0,3613,89429.3
9d02addba2720cf4e1f2aab97460cf61,E,3595,0,3595,53925.0
670aa5674a96bca055d3f3674cfca1a8,E,3579,0,3579,28632.0
e4e81a7e4f924cc9fe77ab557cd5edf4,A,3531,0,3531,18660.4
22becf08938022057c37465fb4cf1fa6,A,3490,0,3490,19815.4
c2245d65c3e0fdbb343c3d7e8ffa0901,A,3485,0,3485,18868.8
b5690d60f56fc66fa9640e5d4d0f8f8a,A,3435,0,3435,17590.0
03d60dc39f898f18ede840a645518545,E,3387,0,3387,20322.0
4e979a26c3e2a068145f2b515c86086c,A,3384,0,3384,20292.5
3f450ebc488f30663ac01d189d862e36,A,3364,0,3364,19474.9
32235320a1c8fc6e80e658367b71ba2d,A,3363,0,3363,27242.7
2db406c455b136e645bb2bc048d49bc3,A,3234,0,3234,18091.7
720102f2d46958c430ca29468dc474f3,A,3232,0,3232,258560.0
a3fba94fcffa80179d8cd6b8d02a46f5,A,3222,0,3222,32220.0
8ae979e08ed21d6084295c381295452c,A,3217,0,3217,9534.2
1f9c5b422fefbbbe57bf50db7768984b,A,3197,0,3197,41994.0
679248c8b78433b92751c8a52e42c2b9,A,3193,0,3193,8011.6
0baa0e60815004169cd482b5b70c3be3,A,3137,0,3137,18548.4
6199da09b283abaea080a91289f3b3ec,A,3109,0,3109,9661.5
a2bdffc849beb617a84478844a1c1e2f,A,3087,0,3087,15435.0
d24d5a9806062785d9f8fddf3cb0725d,D,3086,0,3086,0.0
c4fe95236f504ea2ea57f039f76e1794,A,3082,0,3082,16473.0
e980207b4768b3179c1a18b6bd2516f7,A,3047,0,3047,12567.8
d7c8452366dbea916e97ff5045f178d2,A,3044,0,3044,32530.0
a37df06c11b6b52e3459ca243b800446,E,3031,0,3031,18186.0
70fbbce6fb2990205afe954623cb5225,A,3018,0,3018,21126.0
1445d6afc048ade6dbf7f5e2955b8988,E,3012,0,3012,45180.0
bda67544c6f158d4f0dc44c738039060,A,3010,0,3010,20779.7
a711e66633ee6c9ce6fde3690c62c6ac,A,2995,0,2995,20867.7
71918def9dffb9b76a1d782a0dcd6673,A,2972,0,2972,42198.7
27587414c2b965a733866ec7bd053261,A,2968,0,2968,27831.9
963fa5a597a11df53ec2244659756113,A,2944,0,2944,23552.0
a4619bcb2ad2e1809f50ccde9ce09279,A,2943,0,2943,19055.6
873231d7e21cd421c82ed481e4b0dda0,A,2939,0,2939,20573.0
51d366b45f12a11f14ef3b004d12903e,A,2926,0,2926,21705.6
a99c138b622a024f1f4525ba9276b89b,A,2898,0,2898,34776.0
184f9500cd567bc7623bb4a0e51bd280,A,2887,0,2887,26956.4
54f394be4d99ba26058ac2a018141d45,A,2881,0,2881,44940.0
acd4e85bfb91a2b05542ef620d90ab56,A,2881,0,2881,43808.0
e83a08cd72d56b2028f86c212860d02d,A,2871,0,2871,15587.9
1ca476ac02e003a848906b803190120c,E,2843,0,2843,42645.0
56feada466558a827d400d9916eb44f6,A,2824,0,2824,37409.0
30ab33b726fb21068c7ceeaa5c96e020,A,2681,0,2681,14622.7
aa2529f49519b6c4da8d92167633f5b1,A,2669,0,2669,19976.4
cc7a4ba9991ef71bed0a9b6d043d016f,A,2638,0,2638,16428.9
99dfc5d49b56e51effb56dfc0071cc3d,A,2633,0,2633,23740.0
faef25fca983adbb89a5c97bc80e879e,A,2610,0,2610,17146.5
c32bfbbb1cf5df5ce588d2b99e94baab,A,2588,0,2588,12940.0
5d67cf9e21d7fb28c3fb4a5234a60f6c,A,2572,0,2572,21633.5
39dc112c24ad4e57bf3abb576c24fcb0,A,2558,0,2558,15511.0
e774cfc66086b676893eb8368bd399e4,A,2547,0,2547,18807.5
5597b1d4f4ed144368bdb0cd493ba133,E,2532,0,2532,17724.0
fa0054d526ff39eb2c9ffcfc7e61694a,A,2532,0,2532,12660.0
a1bd2bf2054664229a3676802752b586,A,2527,0,2527,26033.3
5e6ef8e403111acd47e913f73fa7f939,A,2521,0,2521,12605.0
bc74f72cc30873f31166dccc4d37c212,B,2515,0,2515,25150.0
9fc0967613b153b0b821fce1428862b0,E,2512,0,2512,15072.0
7c9d7844a96746d76cf7d126bbfc3e5d,E,2480,0,2480,37200.0
bfa684e16654b1f93ad75a36690dad6b,A,2477,0,2477,9036.1
3ab788cc41463dad6712f224ae882b56,A,2471,0,2471,38513.9
fde66a4721aa333488f704d28a560ced,A,2463,0,2463,27048.4
16fd109790c28e394f49ecb1bf0bb36e,A,2444,0,2444,14503.5
30c20a395b27e7004891d4dedc49b1e8,A,2425,0,2425,15565.3
5db0657bf753254b4024b4b34a730f49,A,2419,0,2419,12095.0
d864d8aa2461c7e0dfe8731ec1d7b908,A,2400,0,2400,13136.7
f1dc70ba7b224069a02f499ddc9acba4,A,2374,0,2374,23740.0
0128fa70e1274cfbf86a3e008d7adb85,A,2371,0,2371,13055.7
61cccbc6479e7e7e7f83fc5aa1204034,B,2290,0,2290,22900.0
646d9aba50af5bbf9aefbde3a40b439c,D,2290,0,2290,0.0
efacbcdb06096e7f0ad5fbe2e86c2fde,A,2267,0,2267,12213.4
0af6bbeb5226581211aa14b3d48f0f8d,A,2266,0,2266,14244.8
321faecf02fddcf94f5acfa420053433,A,2258,0,2258,19193.0
ada1b05d4621d4d092b47dc72f643ee7,A,2236,0,2236,15652.0
6b099eecf0060fffae3fb98d95390a4e,A,2217,0,2217,22170.0
ada82571d9a812b75c847753330e49db,E,2215,0,2215,11075.0
dbe441c5c5896f1ec0946e1e3debe4cf,A,2177,0,2177,21770.0
1bf9162c4022cc81f0770a59fa4390a9,A,2176,0,2176,11969.7
74e04da2901bfd379539447b85040a6a,A,2172,0,2172,56472.0
da1ee52e675bdbb7f79da5c372b47ded,A,2163,0,2163,16371.0
ee8c8c698e134044e36b16487b145772,A,2159,0,2159,17250.0
f2e2bdda050d699637ea432fb4329384,A,2159,0,2159,21590.0
0f31e38850066970ede97cf11713f77e,A,2156,0,2156,16664.7
6bf83d7c11719fa67fb482817019811c,E,2148,0,2148,12888.0
1b7ffb71e6f04eb34e1a3a153a5fd5cb,A,2146,0,2146,64380.0
189751e5e824d49c816648d1b5d4e4c9,B,2139,0,2139,342240.0
a92d9072bae52b5ef25d5c6dd5b96bf8,A,2133,0,2133,11734.7
441e29a7694132f605eeb6109fc3cb15,A,2112,0,2112,11744.3
d509980d90c336e771842de61a55b7a6,A,2104,0,2104,12624.0
01430745354b8004f6b2af63031fe3af,B,2089,0,2089,208900.0
16ba8f49c0bf6771035e29152f1665e0,A,2088,0,2088,6998.3
47d26dfce702caeaf1293942c6977a41,A,2085,0,2085,14759.0
0bcb1893910fe8cf2704a7072e91aa3e,A,2083,0,2083,13722.0
f9215ea6c87ea968d62b42906da730a2,A,2075,0,2075,16014.1
c01ec5516ebbc556c4a4247c766a7335,A,2059,0,2059,11320.7
e849f44c3a6a52ed7e769f3a5f2572e0,A,2018,0,2018,6513.5
e5de338cf13c32529092ed8ae36226bb,A,2013,0,2013,10065.0
5ce082fd1f1eb68826aece9035ee4405,A,1982,0,1982,3653.5
048600da287d093d6809cfd81244321f,A,1970,0,1970,13790.0
f0dd506b2cf7b4ecca75c437d83fd7b7,A,1963,0,1963,157040.0
ab4867eda6fc9378601a57cdd4657c82,A,1958,0,1958,9790.0
d90c944815aec9291adb3b04a50cf798,A,1955,0,1955,10738.2
91573b2044929226640140d2d6da78b3,E,1951,0,1951,11706.0
b7d110aedd5775d192e2d203f600e970,A,1950,0,1950,11264.0
93c751582cbfd3f22acd3e23159ea90f,A,1941,0,1941,10642.4
b208a70ea448e1c5ee2be876c5eec109,A,1914,0,1914,10523.2
a97c07b11193020bf1e107d1b56b9369,E,1913,0,1913,11478.0
72ce5745e57fa42bd941a523f4fd8001,A,1912,0,1912,10390.9
0b93cfe554750f324aaa74157c8be341,A,1902,0,1902,20922.0
aa684f8c1ddcc1935ea6b98341afb964,A,1902,0,1902,19001.6
41fcd3b48371eb1a46e1582c4a753549,A,1895,0,1895,9475.0
5e3073eef259bbbb3210250af2dbdf55,A,1893,0,1893,10380.1
1ffce271b6188c26c3bb946f4dae3cd4,E,1882,0,1882,11292.0
9f5ebea2a2e3960a8718aa3b3b6de7d5,A,1882,0,1882,20702.0
3f19ad4ef111d9421e0dd132747271dd,A,1881,0,1881,10543.8
d0e8d08e80dafd694c07facc29e4e5ad,E,1878,0,1878,9390.0
d4553a89e83c963d546c4df7a5dd1039,A,1862,0,1862,9310.0
312e7f594e42b19fc438a14d2216edd9,A,1860,0,1860,11160.0
55b2a017a206e8a823ee4eda0249f03d,A,1849,0,1849,20339.0
e093bb643a0f3211fd74804fc9f7a5c5,B,1845,0,1845,184500.0
9198f27cd429303a666df487e1774294,A,1840,0,1840,10795.5
f5f66a43c16e62b39fd2b6cf7d10a3bd,A,1801,0,1801,12873.1
89b89edb7ccaab5006abf416a06981e2,A,1794,0,1794,17940.0
230f9badf9849910e0600b4fa2b72dd7,A,1791,0,1791,9787.0
2e1e0eb88c2c5618e04c2bcb2f4fd05a,B,1786,0,1786,89300.0
9b65f9d3b68d879788a03175669d679c,B,1786,0,1786,89300.0
cb95ef9e3e2461d0300283a2a9b7c7ff,B,1786,0,1786,35720.0
f8aa7cbb47fb09c1219c0780adac0d01,B,1786,0,1786,35720.0
1b800ec84c392ce30a5d40efe758b3d6,A,1774,0,1774,9808.6
74b323ee11bc40a66f684dc9e983ad43,A,1773,0,1773,8616.9
068c193d9b1d454dfddb1a88227f3298,A,1759,0,1759,19349.0
30d525d0f84c92769be05a324845ed9e,A,1750,0,1750,17500.0
cf105df343ed82fa33501e330f9acbbf,A,1720,0,1720,17200.0
08ca1c80482fd6de29614d3ce1c38f59,B,1715,0,1715,171500.0
5b99d2238f1b3d1464f3958f0ea371e5,A,1696,0,1696,8480.0
5c29922b4c62e092894d898b1fe772db,A,1688,0,1688,9076.0
1bed016f696a9940c134d8ba3ed9fd9e,A,1681,0,1681,22523.0
661ff6ee51099a9e63a75e3aa9cefce7,A,1681,0,1681,11472.9
3c98e5f5727b8a9612e97d548843b52b,E,1650,0,1650,13200.0
7ca9a01ce2646869a1c66c5f22cdea62,A,1646,0,1646,16460.0
f3d60aa6b91792bf823871499ae70010,A,1646,0,1646,2889.0
5094c04e93c162b50701a43b68d835e9,E,1641,0,1641,19692.0
ce679cb3feec6acbddb537bdab16a679,E,1620,0,1620,19440.0
913d40dc3830189f7d4c1802b082a6fb,A,1584,0,1584,8543.1
596d4e8dedd567d05db26a763236e5e5,A,1582,0,1582,7910.0
7f14e1edbc3345f758fa6118cbd8c9e2,B,1570,0,1570,31400.0
a478d514c4443b954b62a42b8ab9f3e7,A,1570,0,1570,15700.0
768207847134832ae451e4676f73356d,A,1566,0,1566,27103.8
dc178f2c97e82f31b7debdf432d93bf9,A,1560,0,1560,7800.0
3ef6cc96321556355f2e20adbca785a2,E,1558,0,1558,18696.0
585479d4c27720f095478308a0f876c3,A,1545,0,1545,5782.4
55b902f8de6a9c412bd1ea6c7b8065b8,A,1539,0,1539,15390.0
ad022962df1fb2c9c72ae6962660080d,A,1526,0,1526,10682.0
b79d3e3b4f5ea8899f7af9662849e4cf,A,1515,0,1515,10605.0
ee7d94b81244a5f3b392d4113bacf408,E,1508,0,1508,18096.0
4b43ffbeb32fb9b60a37a99e90b876d4,A,1482,0,1482,2964.0
e8ab3f1ab154f011ff33c9064901b921,A,1479,0,1479,9927.0
2a32f843da805c69a15df1ed6fcdf352,A,1466,0,1466,8089.3
1789e63a48ab458843fc6b10fe3de500,A,1464,0,1464,10945.0
6249c88d14d6afeccebbed4b015e1ac7,E,1445,0,1445,7225.0
26fa381abe30dde93a4f1dec3b319166,A,1417,0,1417,17693.0
927388b963f796f8c6f170841d77b930,E,1414,0,1414,75083.4
065c318ccb99f355c20a6ef9d49e7b7d,A,1411,0,1411,14110.0
1272c3a6e188ad391630eda4d1f7abf5,E,1410,0,1410,21150.0
f31c246033750029bc7253075c1b6650,A,1364,0,1364,7375.4
4398b3c0727b4160c5dfc7e2109df250,A,1354,0,1354,7615.6
3defb0332bbe95c72e34b0a98d00eada,E,1348,0,1348,20220.0
995acf1c4ad39b3c8a780f2a4cbdda7a,A,1338,0,1338,14040.8
6aa72305ce5635f4596f20b2c1156660,A,1334,0,1334,6670.0
00f649d659150afa2df4d70e2037a373,A,1333,0,1333,6665.0
91bcb106d88d7912489a37f240099505,A,1333,0,1333,6665.0
01a450fb0a59a399659a261edd9bc90c,E,1320,0,1320,7920.0
05610274238d5d51f943537e46313896,A,1319,0,1319,12522.3
236dd38bf70ccc6cf27e7cec18d34414,A,1317,0,1317,7902.0
82ab961622f405e60cceeedd2a7cee61,A,1315,0,1315,7200.4
62f9ab5cbf81db183faff20912a662d6,A,1314,0,1314,6570.0
b37bacb8547fde8aca53344fcab108e3,A,1314,0,1314,30047.2
11024bd0e26ad34a37c5218f5aefbe2d,A,1310,0,1310,6295.3
9e2f50ac97c5f89eb295aa07c71746f8,A,1304,0,1304,9128.0
474f682b50b77d42c03bd0c94eb3f225,A,1298,0,1298,8383.6
96529248245989d70d7c29d83e7fbf67,A,1298,0,1298,0.0
2d180f78c0e433e8759e7652a0dc4c41,A,1296,0,1296,12960.0
14af49a97ece662126a4c8259d717e5a,E,1294,0,1294,19410.0
ae1e4308bd5eb44ff92748800d02356f,A,1269,0,1269,22842.0
13cc4e0f740efeebf1791220f0c62b35,A,1259,0,1259,22662.0
f95675e74699cac1293ecf2d3c72b9c2,A,1257,0,1257,7542.0
841ddb1b8ab4ba37558fe5c428a7076d,A,1256,0,1256,38433.6
632936d86d526c5501d6c0c4ee395adc,A,1254,0,1254,38372.4
cad5caa9f8dbb03d8ab7e1931769a5f4,A,1253,0,1253,38341.8
c08f41848091b792eba268813a34082f,A,1246,0,1246,7476.0
2768c0d4820858d27ee42e1743cfdcdc,A,1244,0,1244,9381.0
6bc12fbd79e01b242949b12cca188f9d,A,1244,0,1244,31970.8
ad14e0a78588d426a0119c59b6748299,A,1235,0,1235,31739.5
1c66ee4194edc5c09644a7b49f8c1c30,A,1221,0,1221,31379.7
97b41593b95dcb5157f897103fdb5cdc,A,1221,0,1221,8547.0
550a7442b963e91c98df13895707a22e,A,1220,0,1220,6816.6
ce254b9ec15b9501c27a81f184514f56,A,1218,0,1218,6745.8
40bba97378312f9ca9a6e0085eb53a51,E,1211,0,1211,6055.0
ae91963c5dc988e36e0ea7d8d6f00e38,A,1192,0,1192,9536.0
618b4a7403ad6d256c95c3e516006a6e,A,1188,0,1188,6514.3
f0d23718d1b2c58519a133eae61cc49a,A,1185,0,1185,7512.6
26d3b32ab46f58c5285d52273420bb81,A,1182,0,1182,9456.0
2579cfb657df891487a9d184f3068afe,A,1174,0,1174,9392.0
9e7d0c67c41a4f97f4ef95405c305ae0,E,1165,0,1165,13980.0
61a5c14f7cf75e9cbbf1a398aae6d17b,E,1161,0,1161,10449.0
fab68d941875c19041a374166a67a8eb,E,1156,0,1156,6936.0
ddee76fd4a31327c734790df4612cf97,A,1154,0,1154,6924.0
2b57d5b4293ba668562faef16c872935,E,1153,0,1153,17295.0
4ea4830c0f006514e1cf249dc2d37934,E,1149,0,1149,13788.0
b586b93154911d2b1c80f03b48a8b20f,A,1137,0,1137,11156.1
2026e1f85493572798cbd11d3235ddf7,A,1135,0,1135,6810.0
9babd617429d9141aa42db519f51ffd0,A,1124,0,1124,3082.8
5bb70febbb1fe7491ccc3c11e486ea37,A,1120,0,1120,6399.8
8a5c655b8695a636c2e936b797377690,A,1120,0,1120,6720.0
5dc42192679d3a8bf4b3767a42e82b77,A,1117,0,1117,16755.0
0967c025676206e9de1631c112f5f413,A,1116,0,1116,5580.0
eb6363a0063ff5170e79d1312e09054d,A,1094,0,1094,6564.0
885e271ad66c8df98f307e4490bf47f6,A,1090,0,1090,4433.7
dd8a49e3c6a570fee56a16be7fa83425,A,1085,0,1085,13020.0
107b7bd529075dc9c6d95f1b2efcff70,A,1080,0,1080,5400.0
17d8e63fcd46c174c1ef9f2867d1a9bd,A,1073,0,1073,6438.0
b534db022eeb56b50297bb0d7291187b,E,1064,0,1064,5320.0
88e4f59f38f837eb1568cb7f8e66508b,A,1061,0,1061,6366.0
e3dc1f7e27245bb45c7f09e23fe987de,A,1046,0,1046,10460.0
df64099c3c7a0003fec80469e0a48b4c,A,1036,0,1036,5907.1
d8bdb7f9e8eff4914379dc5270d221de,A,1035,0,1035,7610.4
c333f0dacb41a4b1d60ba42bbf681fb9,A,1027,0,1027,11297.0
096a1b4e84d54e26fb7f4fd56b9fb5e1,E,1017,0,1017,6102.0
0c0ebd6a77c572f45a4187c7d11129f6,A,1014,0,1014,7658.8
f463aa8f6a00d2802d53350ccb837db0,A,1010,0,1010,6273.9
069015f55a141f995041454540e97bd4,A,1007,0,1007,9791.1
17f2fd66730953553b025430888d2e34,A,1007,0,1007,5035.0
633c34f68da80edd73d386b2acd8b5f9,A,994,0,994,5979.7
4132d9e00fd21f6112c0cb1b36af4283,A,975,0,975,5745.9
05fe97cf35a5bc9ef5434bb84d0e22ed,A,965,0,965,5495.5
0a50a41da44078bf5cca2f30adcf502b,A,951,0,951,5706.0
9af9afcf7b8024e6dd326923170a4724,A,950,0,950,17100.0
602b1e5e76e604496c1a5a4773c5b835,A,942,0,942,6456.0
2d951dca1bf127e38374c596e7e863c1,A,941,0,941,15236.7
580db4603bc36575ef79f7c68e99873c,A,940,0,940,75200.0
69326fa6bb84ec2f0d96d2ec20ccde75,B,934,0,934,14010.0
35b156598731e555987cf1f781b110a1,A,933,0,933,7464.0
22f9bcb0a0a208a76b2dc24d67dd0a16,E,932,0,932,11184.0
8fdd5eef41d5c428ab0fb8b1367419d9,D,932,0,932,0.0
73f869fb542deda4ac511158f5ae976a,A,926,0,926,8837.4
c03460d6a3a1d1f02c50a0d73cb6f22f,A,917,0,917,6419.0
3da77344827e4eadf263494435da0661,B,915,0,915,45750.0
3c08634e0bb285c5ce4805aa6fc29d77,A,914,0,914,4685.3
5615579aa08e1c30d418d6fdcb569533,E,911,0,911,4555.0
67d12ab3c0b4160ef1d618b2f8702e80,A,911,0,911,4555.0
9f5b677b37a1cc55d87d601c40933c1f,E,911,0,911,2733.0
7d5545b1a36e058db611ddb9cca3759a,A,902,0,902,2268.8
2d2a0327258ccdf6121543b07ebc70ca,A,896,0,896,5381.8
31267f81429bcde979dff469b3d00c0d,A,896,0,896,10752.0
9c8cc6285798c63bd358372056e327a5,A,894,0,894,6258.0
c1093cc2d440f79a71e1dc84e45761d6,A,889,0,889,6018.5
d29a985989069bef8ad023fe61b7fab2,A,885,0,885,6915.0
56b3187f5836eed01eb5675073620c0b,A,884,0,884,14556.3
a229ed37ecb0071308e618b6d9b87fd1,A,884,0,884,16350.9
19b76b09052027e29318b10bc49bfe7d,A,883,0,883,11554.6
8b7f43e80c7205d7673cc0730e9bfbd2,A,883,0,883,5739.1
4419c12e0ec1ed8549829fd797e392ed,A,880,0,880,22899.0
2dce8a9522e287d8b93f0c909fc9f574,A,872,0,872,69760.0
c0512644741775dd3d46a41eafba31aa,E,872,0,872,10464.0
16bab557fe91236dcafab1fef1a74a3f,A,868,0,868,1736.0
7ad02d752eac942405f06235dd3ed7f3,A,864,0,864,4320.0
391560786f8dc41c8ed33b056ffc49fb,A,862,0,862,5172.0
535369b47d866a84622c30c95e6d5e4b,A,852,0,852,3834.0
8fce89c4fe0989941ca98b9c1099ab8b,E,852,0,852,3408.0
6d47ceebad5b0e46cce6919f4025f93b,A,849,0,849,6669.9
7b27160635cd2b6729660817c63e55e8,A,843,0,843,4654.5
3a2b98387ed94134f3537cc67b6ebee6,A,840,0,840,15120.0
e95fcfb711b39864a344d68e84d3b43f,E,836,0,836,5016.0
18177242a5ddc6391ff7584fb18e7a65,E,829,0,829,5803.0
afed162552a9af44047ec8ec3c1bed65,E,829,0,829,3316.0
e886af0d0338f16a25b23c8b7a66a7b1,A,828,0,828,5390.9
858b63190fbbe2252b3b7be37da647c7,A,826,0,826,2991.7
f27bce33a5a923aac94e38e350f90485,A,821,0,821,5582.8
2378951b68fe66b2b42c5aaf63480299,A,817,0,817,4524.1
f9b816d7cec445c1f6e302fd81ef0e62,A,815,0,815,6714.7
ff43f62cef1bd835cc3b847a42b4a7e3,A,811,0,811,4055.0
d5643767abff1fd2a6b65d2b40e72aa3,A,809,0,809,4240.3
69352fff4b5c01b51fc81c6747e907f0,A,807,0,807,14481.0
854a0d59b4d405aa0ac0a82cf084db42,A,806,0,806,8060.0
7a1185a28061d3a1513f8d6760653c3c,E,804,0,804,9648.0
d98b4a4031a08fe6596011303448d9ca,A,803,0,803,7163.8
4d616b908771eed44721dd2407ec6c0e,B,798,0,798,1596.0
26fa63d6431712c9a3337f52bccbc320,B,796,0,796,39800.0
84ef13346a2da1c4a08a16c75eec1eb7,A,790,0,790,6666.5
d47f625234319c4b80ced5080b6be1d2,A,790,0,790,3950.0
dcf3f9aa80e7e9fb0534e0a125e84519,A,789,0,789,7748.9
b25420b5598e3d1916ed43305c94418e,E,788,0,788,3940.0
08944af684214c7d93fc5b620d54fc23,E,787,0,787,3935.0
206b74fb9e1d813475fbbf3a90dce989,A,780,0,780,6240.0
6a05dcca297d4896f1012c92e73ba1ac,A,776,0,776,5197.5
74d922b1801e032ade80ebeba0503395,A,772,0,772,3860.0
ed65019aa36317e078a3063c445a8b97,A,772,0,772,4254.0
270377eb9690f56fe47c80aa5b3f2652,A,768,0,768,5222.4
75ed813fc63c1ed7683b75760a7a9b93,A,765,0,765,3825.0
a1a0f9a30da24aea2d086c2c5a7c1cfd,A,764,0,764,4019.7
3fbe8d4a3c2fc3bf9e6fdb3bbd794a30,A,763,0,763,6449.5
8fe144058f800483a38f5e5299763788,A,762,0,762,6116.8
8a6742b98fe9af78df564e7d471428b2,A,758,0,758,60640.0
2fd70f909c7090ca853ebf4a2d8cec53,E,755,0,755,9060.0
2b81981f436301e5d7f25add62eb544f,A,754,0,754,6032.0
7d82dfc38e719b225abaa47dedf6efa7,E,751,0,751,3755.0
a4ae8a1f78fe6369be12945abc6657ac,A,741,0,741,3867.5
9d608cc61c71f02a1d6017554d5fb5b4,A,738,0,738,36900.0
7f8178b9cee62a98a0a7129c17d3b165,A,737,0,737,5895.7
f4bd1cad5053ad9e02fce3410f162c76,A,736,0,736,5004.8
aeb0fd147e7ecf29a93f2e77b9c37cbf,A,735,0,735,3675.0
77d8ad572972e146b01a15f62a7816b3,A,734,0,734,3670.0
1b21dcb87e6d292ad028017b4b3cea89,A,731,0,731,4640.6
4d06023c152d51ffb1aa73b177ab74dd,A,731,0,731,5238.0
4617b9e0470daa353abb2dfa431d81fd,A,730,0,730,3650.0
0be01b5def596c4a768def5785460c70,A,729,0,729,4349.1
7f5a90e8973b9100ea5fcc2ad3ff7cb3,A,728,0,728,5824.0
c8ae655d77e5e55b67deae25e50d6af6,A,728,0,728,6389.1
334daa458318defe8095083373e18811,A,722,0,722,5776.0
f9db35ed1f9f95f1e3b47a4e542117b1,A,722,0,722,7220.0
4245d8a26e7c7e74e987e8c5bd953fb4,A,721,0,721,5768.0
d8035b566a617e6b4908c8d3d5720e88,A,721,0,721,6061.3
0c5692bbd189cf0fa82c1944deccc22e,A,718,0,718,4662.7
241e7bf3c3a922d00ebb9bf9b18bc111,A,718,0,718,4068.3
9bd0215c60c05191be83ad125627b6f4,A,711,0,711,6651.1
ef563e47e342b6b7cfcf21c4cf92a1d8,A,711,0,711,5688.0
6a6e13a03da105b5462eca27217c5e4c,A,707,0,707,3567.0
5ad8499b0d9ab53ccd94bbe4640b8c26,A,703,0,703,6729.5
b3f5bbd5f48fbf0f6821262ff51ee088,A,701,0,701,5608.0
6bc9c407af3e4ff0cc30e926eae2703f,E,698,0,698,8376.0
bf0f14b33fb109b834e4eda44a6614f1,A,698,0,698,3490.0
756229f7431e46d5c9ff3e4eba399d58,A,695,0,695,5560.0
c852b70a66114428a46bcae776c12f26,E,695,0,695,13900.0
e692581cc137f35ae3f4c8f9092a5ea7,E,695,0,695,8340.0
ec7dbe390dfd05c82b316bd573106c73,E,695,0,695,10425.0
bb8f71fcfca317e9d849bb318bbdfdad,A,694,0,694,4410.0
65597d9912971d62fe727c26f2e1f0ac,A,692,0,692,5536.0
a579d594fbb7cc910c71ce8e70c5c808,A,689,0,689,5512.0
123b4415f0826647c58533088ef10a05,A,688,0,688,18576.0
71a21ab5fb0167392abfa44568f38a5c,A,688,0,688,48160.0
da7ed8ea44fbf5f88c9d2363c6aa539d,A,688,0,688,3440.0
6e7f1a0d8dc9e389d2dfb87f6467a8d4,A,687,0,687,3435.0
c13f719f4f5cee325397404e2d88f87d,A,683,0,683,4644.4
f6b6db65f27aa05855a8738095dfbd4d,D,683,0,683,0.0
108730a3d499c18e3c58aa23369a694c,A,681,0,681,3405.0
23084da8708687b40be87fbb3465803f,A,681,0,681,3405.0
512b997be3aad0452a2101582f48a2b5,A,681,0,681,3405.0
b3086e43e044893d0a88c765dfc50edc,A,681,0,681,1681.8
f8b5db2a6b2e8b40a1bd6ae4da48a92e,A,681,0,681,5448.0
8c37ed6cf6b229bf5ee1a6caa4b11ff4,A,680,0,680,5440.0
290273d202a893a8e7c7b5c2fb3b0652,A,679,0,679,3395.0
e31b5e40c525fff6d0de3e34aca9a957,A,679,0,679,5432.0
6b677387aed7709e63d88abb53b56d7a,A,678,0,678,5424.0
8d785a7c1f725f538815cec841612799,A,678,0,678,4746.0
03d51a56a53f121ab31057b8cdff3b16,A,677,0,677,11829.5
08ee5dfc90393958fece24428463fc2d,A,677,0,677,18279.0
6541f0c415aa98249700f8a12e163582,A,677,0,677,5416.0
f1f7f9cfd61da875e72af70d7b447578,A,675,0,675,3375.0
ec0061bc7ad54d75b82d3df8f045e763,A,674,0,674,5392.0
878b933751d25d6aa131e1ac3ba8515f,A,673,0,673,5384.0
ce499489c5dd43ae512af7e7571af2ee,A,673,0,673,5384.0
344ef9821cef96075a5d3e5ee3964b3a,A,672,0,672,3360.0
e5f146ab69d3ce61b91017a291c00ccb,A,672,0,672,5376.0
1a14177e5dfd087252914f320ba90a4f,A,671,0,671,5368.0
c49f1f8dedac9ce18b307a0ac65139d7,A,671,0,671,3355.0
92b2d3d73cf346941303d3fbea0aab27,A,668,0,668,5344.0
ce11a2604eb68160a345dab16b854ba6,A,666,0,666,3330.0
fc7e01418b1f19b777346475ae5afc78,A,666,0,666,3996.0
82afa48693252818ecd85c636ce927e3,B,665,0,665,66500.0
b7b41dba37d63d7316082e6642f8f3fa,A,665,0,665,3325.0
bf4286b86e41fb2641e992a8dac3b81d,A,664,0,664,5976.0
dce163987188613f4fd104492ec41d13,A,664,0,664,3320.0
45b32f60e0125e1491c26edabb96f6e1,A,663,0,663,3315.0
9a1c271c0a356b45036a58005af540ac,A,663,0,663,3624.8
081996deda6ea736bb570a39019e4a17,A,661,0,661,3305.0
faafb6187eda6aaf267fa3c26b8a4197,A,661,0,661,3305.0
72a3e34c9bdb9bd321ef41974b67b228,A,659,0,659,5272.0
ab15ed71ae82ea1f854447b0d8a3f911,A,658,0,658,4606.0
d8380cd2b68d98948b09cdcba0094405,A,656,0,656,3280.0
2717713dac2c57a1abe46c19814a364e,A,655,0,655,3275.0
ad2f35878062527290bac0e03dc3c5b4,A,655,0,655,3275.0
0952ff559d331d6e49eb7faf01cf83a7,A,654,0,654,5232.0
6ecc1901e7cf6b464d69c368e68cf9b4,E,654,0,654,7848.0
8c072f1f526ee5a5f2594bc37105d1c1,A,654,0,654,3924.0
05533144d1f191563e9be3a7cac964a3,A,652,0,652,3260.0
1a789a9f24b3950b241baa4dc63b6052,A,650,0,650,26650.0
552193af8bebdbd19c4d5fab4ec0113b,A,650,0,650,7023.8
a3ac342ad6ce5d7d26e6cb6d66772235,A,650,0,650,2499.4
33544c0d3a33295ffd2c9d73cbee4bb5,A,649,0,649,3245.0
6c49aaef9d5da2c9494cace028d50fc0,A,649,0,649,5192.0
8005fb7ecd6fb701e32d2b2c52fd3fff,A,649,0,649,6189.4
32c7d6f709a2415191dd6b7b20579da6,E,647,0,647,3235.0
e89485310ccc45a585d1761ea6450d6a,A,647,0,647,3235.0
2defccfd3b18d0ab26a0b5eb6a8f65d9,A,646,0,646,3230.0
a2316f2981b26a47ee8359c12bc7175d,A,646,0,646,3876.0
5fc2a97bb6132e2e3610efec364cbf34,A,645,0,645,11610.0
4a83240edf9f74cfaec490b34971c238,A,644,0,644,3220.0
0c132512481298074650d8062c78fbd8,A,643,0,643,3215.0
2789e51509e7c18cc3719eabe91d8fbf,A,642,0,642,3210.0
29739ae9818ca55eb97af90318771fad,A,642,0,642,2102.7
49043159e25c506d5a9687a6697f8dff,A,642,0,642,5136.0
4de4311f7db736da10e0da0059a72829,A,642,0,642,51360.0
68de4c1710fa56546a2ef50482b1066e,E,641,0,641,3205.0
8a58a15a9ff93601ff303c00bf92fced,A,641,0,641,5128.0
e4083c99a04ca562f2a684d0f688dfbb,A,641,0,641,3205.0
3dd279b0b0caceafd8983c2fb226d38e,A,640,0,640,3840.0
ba70e4d95419c227edafcceba0d71aae,A,640,0,640,5120.0
da65b355aaf3508ea506b101105e8b59,A,640,0,640,5120.0
0a1b039de07148eaa8a05b7d162c7459,A,639,0,639,4473.0
9860576ade79295a69e0a47ffccfd3e8,A,639,0,639,4473.0
32f84c65e17fdcc430d39ded70ab667e,A,638,0,638,5104.0
f622ef9d59a33df3824cd55c14793528,A,638,0,638,5104.0
e222b5e40c22a2edebd94790c43c6678,A,636,0,636,3180.0
ed467410afbe1581e497075ff10cdd5c,A,636,0,636,1908.0
b7a3ff4c6ca9c70e5cacebe88350bb44,A,634,0,634,3170.0
3b7f1bbc58e7ece4966b2572a6f4ee70,A,633,0,633,3624.4
01b13d4edae375e635e0abfd8c6f5877,A,632,0,632,3160.0
296cedc92067ef8b023399e664f8c73d,A,630,0,630,5040.0
ad071646f4bc4e35d001dae9d2025b9f,A,628,0,628,3653.0
073f5908f070a0e4dab812dea5953e6d,A,627,0,627,5016.0
2bd2e86f11937d94113344b5fb740ca4,E,625,0,625,7500.0
7f08f29e7a130a3b0365652e5eb1d123,A,625,0,625,3125.0
887db12059ea0c685d90754663ad6f10,A,625,0,625,3125.0
111032eaeaf42f817f89d1dc668bf6c6,E,623,0,623,7476.0
6b08aeb011dcc096acdb13009dd2e593,E,623,0,623,9345.0
a6d1fc496b856b42dffaec02bb812df6,A,622,0,622,3789.0
51e503af947d1e9db9b777e527d6b799,A,621,0,621,3105.0
9f6cdaa0b0cf9a62265a9b3d3eb58b5d,A,621,0,621,4968.0
d11f4442490120082ef64cc77ae2213c,A,620,0,620,8680.0
f5c8b1e8f3935e7dbf23be90ca861e99,A,618,0,618,3090.0
49d4527328f56c9536fd1db34ba6bb7d,A,617,0,617,25457.5
342c37d5bff0faf16672670766d2f23d,A,615,0,615,7380.0
b1c41c1d5f392cfcb9a6b1f2685303e1,A,614,0,614,3684.0
7156a4a6e98478aaa016be34c7db3617,A,612,0,612,3292.9
4d646232fdab1569fb8ca49dad018747,A,610,0,610,4209.3
6696ab3d99828838e78adaba89b9a1ca,A,609,0,609,3045.0
1e2ad5c2c3c323b7e52c272c110c733d,A,608,0,608,4069.8
5d6d5152ac3aa17d2f9aca8aaf094b1b,A,608,0,608,4864.0
2e716b7892ee2c0ad06ba34e22b47cea,A,605,0,605,3025.0
c72254274ac99ab769bd724b9e937291,A,602,0,602,3010.0
dc164f86aeb7d052416443b7fe935ac6,B,601,0,601,42070.0
3df9159ba492d46da843501bf891d398,A,597,0,597,2985.0
7eef4cf7fda9bcee8024cae7aa0242e4,A,597,0,597,47760.0
20cd514c6a61ef42df3e74f583f3ed26,E,595,0,595,2975.0
81e12eff64103a6aea9adb0b4610b1e7,A,595,0,595,3674.0
1d182ec9eedecca446a4dcbe76faa5bc,A,594,0,594,2970.0
4ddee0786e12ea10cf2f112dc273e782,A,593,0,593,2965.0
57f5a89b9f690315cd5457dc0539fb49,A,592,0,592,3552.0
fd92237cd67e48da7eb96b9d46827e7a,A,592,0,592,4736.0
6100fc5786eeee96178e55c4393348cf,A,591,0,591,2955.0
2f2349ae3df0749886e40a386ee2cada,A,590,0,590,2950.0
75fa69b7886fc2429c4e79ca51a3d09a,A,589,0,589,11780.0
e89a699285f962781a57f95297686964,A,589,0,589,4712.0
4c35c1ff386207e7b01669913710544f,A,588,0,588,4704.0
9ca69491c5cdaabeb1593fb8983f4074,A,588,0,588,2940.0
ae4c2b9b84919c2b1b4b7bdb223d27e0,B,588,0,588,2940.0
f9da8e3219b9361d9df9d9aed3b8a4d5,A,588,0,588,3264.3
7958863d84b56322a6273b659af32f4d,A,587,0,587,2935.0
70f30ac85fc643e23a70356e823f65eb,A,586,0,586,5685.5
b141a638654eca77b19b9c3426453db2,A,586,0,586,4102.0
f9003892729f133614f685d5366020ae,A,586,0,586,2930.0
489bc04e10bea8ee590043030814a2cf,A,584,0,584,2363.1
9b5f37c761633f59f27602fb6e571548,A,582,0,582,2910.0
b4d559f1167c9c6bfab2e879a25ff3b5,A,580,0,580,4060.0
7b41917763a2ebe95093c340cb1fc832,A,579,0,579,2895.0
a671698d26feb461d2eb67095faea89b,A,579,0,579,2895.0
12602fd84b1da3b8729cdd05d38d65e4,A,576,0,576,2880.0
b624bc96b962f6a892fe6daa1aac4cdb,A,576,0,576,2880.0
fd212f3f3e2b32129d2e8d0923e242b8,A,574,0,574,4592.0
b648fb46e06f5aa301422973c3a28d01,A,573,0,573,1033.0
c080b773f1268db1d29f08d69bb22275,A,573,0,573,2865.0
0469aa3c2bb775d385acecc7c4dd6e86,A,571,0,571,2855.0
64dfde377cd50097b032d42a9f025b00,A,571,0,571,2855.0
86571f770ba41bbb95256c02787afc6d,A,571,0,571,2855.0
6cee1d9f3726e6fd55ec75c9cfaa1c39,A,570,0,570,1710.0
0a722beed3d19f3c318d2a2af4c8969e,A,569,0,569,5733.0
3fd841d9edaf7f5d809038572f030def,A,567,0,567,1701.0
42339ae8e88f7cb1662afe5ef06d84f3,A,567,0,567,2835.0
5e582fdc7e82ddbcc390420e77ba1713,E,567,0,567,2835.0
c3b6c2818268416ad32e1eddc3a68448,A,567,0,567,4536.0
3079ea0ef88be486f798a38cb56f35b9,A,566,0,566,2830.0
1a5de105f901baceca10c3900b3674d5,A,565,0,565,2825.0
9877ba2679d997f6008d85ab3b2dae70,A,565,0,565,7421.1
b39afb235cbae6e012239d6c8caf2018,A,565,0,565,2825.0
f6c2438d135ab6711c798e180c0a2a71,A,564,0,564,4170.5
1c26e07f76b6591bdfa0ba4067dfd1cb,A,562,0,562,3934.0
664c141085ea6197851fc298803752c0,A,560,0,560,2800.0
382d968649d2b15448df6809e6594fe1,A,559,0,559,2795.0
ca42f0df65e0ea83831de80a2bdacb35,A,559,0,559,2795.0
b279e36db5420a417251e28a38b81ee5,A,557,0,557,3899.0
0eef475bd0ae0e78a094e1b61988dcdd,A,555,0,555,2775.0
b4c73db43c65e233edbc9a7c721eab94,A,555,0,555,2775.0
e6ef21a286837628e54cfdc95b9fe00a,A,555,0,555,4440.0
122753b40a73ef8d2eda84a443b3ec73,A,553,0,553,2765.0
ff46e1a6be66216c054a300581930a13,A,553,0,553,2765.0
db6ea4e1931159d95481b1663d45e1b2,A,552,0,552,4416.0
5bc0474b00b85246029eaaf58f558dbf,A,551,0,551,2755.0
27c0ff285ea2670cea7120f2c2662b9d,A,550,0,550,2750.0
cf36dc1858ee12f2a0f29158e89de4e1,A,549,0,549,2745.0
39e36fd4db940130a50968672b42c200,A,548,0,548,4658.0
91d759219ded8b35b0111d06bd24da9d,A,548,0,548,4384.0
4f08097a06eb432901c099ea10374d77,A,547,0,547,2735.0
02c4b2ffbd410100ad5f7d871a2be52d,A,546,0,546,2730.0
55cc971a6180eeb43efa366e3070180b,A,546,0,546,6552.0
9af44aa1bbee144f708a3f868c0439ba,A,546,0,546,2730.0
83eb416ba8ebe6f6db59603923cccd07,A,545,0,545,2725.0
ba2094fad89f9292be8bc85e074ea719,A,545,0,545,43600.0
661c28165b76526dd1881bdd19531bab,A,544,0,544,2720.0
6769500af8b8027f4f64ce2468cc12ec,A,544,0,544,4352.0
08c7646b42de04b1dfb997a047f9d29c,A,543,0,543,2213.2
b20c8a45a0ba893ebe43e44b8e1968f2,A,541,0,541,2705.0
3dd68c697711b23e152699b6e3a02482,A,540,0,540,4320.0
3fc2a3c313ac129b2be4a2e45adf56b5,B,540,0,540,8100.0
5b0f63a6a0a44d1c9ff9a91f622087fd,A,540,0,540,2700.0
8f88f7e11bd94cf80d306399dffe0e73,A,540,0,540,2700.0
e55de587ff4946013d31ab45707a38d8,D,540,0,540,0.0
21de53ffae4f9a98dffcc3690da0554c,A,537,0,537,5667.2
e1a56d4b8675e672d41f521154749c18,A,537,0,537,3222.0
1800b08aa155920fc1a319b25f675890,A,536,0,536,2832.2
6db7961979f9da147c7834813e9bb93a,A,536,0,536,2825.2
e309c9aaab203862a9790439a16b0150,A,536,0,536,8598.9
96787a2afc174beddd8ae18af2bc715c,A,533,0,533,2665.0
953690d4d0f594a591709b8225624a08,A,532,0,532,5320.0
28673d28d0385774747a8a99924cf124,E,527,0,527,6324.0
eba8378765bc57ca7fc1e5f2b30bd739,E,527,0,527,7905.0
f4970f5bd07b83dfe52148586e52d553,E,527,0,527,6324.0
351eda2caa17520251c64ba39a9e67ab,D,526,0,526,0.0
eac0f31fd3bc77c8c9137b4c071af9dd,A,524,0,524,4192.0
ec42aeee69474957b9e5a21346fe48e2,A,524,0,524,41920.0
f7b266823c4ec8490048ba23d61d1362,A,524,0,524,3668.0
0d45aa9feefdcc8b5fac1347e414e12e,D,523,0,523,0.0
0334d8adb011b2ee0ed1fe05a6aa8869,A,522,0,522,1618.2
189e8ba7eda0986fa48df945b60cf672,A,522,0,522,2610.0
4e9106004caeda088469e24a541ff5ff,A,522,0,522,2610.0
54aa56e63df33d0c60fdf6cff9006af9,A,520,0,520,1560.0
bc836fc7d0b43b10de4d9ccf059d1686,A,520,0,520,2600.0
eac63997660fa6d41519ee46df1a535b,A,520,0,520,10400.0
584794bb60b2d24a0f586938a4b7a217,A,519,0,519,3114.0
bf4b8fce4be048b6445da3af73b6b496,A,519,0,519,2595.0
07b477124e02328109153f32a80d3c26,A,518,0,518,3626.0
8ac513856f62fffc1013d2c6a1799d42,A,518,0,518,2805.1
9cb967a6fd520e744759adb84ea976fa,A,517,0,517,2585.0
3801fd98caee437386b681964737df2c,A,515,0,515,2575.0
da8faf39127d0031b3e1911db93058f1,A,515,0,515,3090.0
af5bea23bc41fb3803bcd9bf3e9c6314,A,513,0,513,6787.8
e678831d15111632ecf621d78f90d614,A,512,0,512,4096.0
0119013485379f60fb4e9da11f3230f9,A,510,0,510,2550.0
5d04f551493311274d0a29c5d9d86fc0,A,509,0,509,2545.0
a0695fdb9c194471d351f7c93a2349a6,A,509,0,509,2545.0
98a6422666cc6f2ce4ad7e0234cf9808,A,506,0,506,2530.0
2a8d45dd648aef9460732942ff39c679,A,505,0,505,3030.0
295825fa3dbfe8ff6875ec19d398b14a,A,504,0,504,2520.0
ca727a4b4b51d52f9938a27bb29d8755,A,504,0,504,3190.0
e52d354428a6379e97f2b0a3703060ac,A,503,0,503,2875.0
ecfd20a109c91c1e5e72d867ed661714,A,503,0,503,2515.0
fd265b21f10b0f35f79698abd170c44b,A,503,0,503,4024.0
efcc2bf8d7c7aab662f1512cb99df600,A,500,0,500,4395.0
541d15cbdf94df8454a1981a91a0f067,A,497,0,497,2485.0
bbae447de2c1e05759a297782e9f2450,A,497,0,497,2485.0
ecc7cbab042b7a9ac2fb856ad7d35448,A,497,0,497,2485.0
52bbe00210e9e94788c611035f157152,A,494,0,494,2470.0
cf8ffeaa7fc016f483b0b3565c1e8f6e,A,494,0,494,2470.0
e22f627f3be5a37ab425c5d36f7d2fb9,A,494,0,494,2470.0
16a7677c3c4439c1525dcd3a7b3145c4,A,493,0,493,2465.0
918ce9480c746a268415e8b9dd241179,A,493,0,493,2465.0
e2492d6a28b17f302a9f7fa4b6a3a72c,D,492,0,492,0.0
29a889c690177c8e997d1ed90ac82e76,A,491,0,491,3928.0
b15c016cda9470346fb110257088f415,A,491,0,491,6919.1
965dbea0a9c941d23cc1905ac82af878,A,490,0,490,3443.0
29458eca2dfee3886ffebf7003111e62,E,489,0,489,2934.0
344bcfd8de93f521c81d5e790a968e19,A,488,0,488,39040.0
9f47091a1d8b62a7ee0f684e598ed49a,A,487,0,487,4439.9
c43a4681d17aeadc1d7c9907135f30b7,E,487,0,487,1948.0
d1a91252e5be9db5821576e973ad336d,A,487,0,487,3896.0
ae516260b9489bf67bb5ecb80e6b35c2,A,486,0,486,3888.0
d03c47aa690f9ffaea8eb73ef33f2845,A,486,0,486,2430.0
db53cd7caa60e74d038bb625773f049b,A,486,0,486,3143.5
a744fdbf5f78ca5a1cadbe04224ece97,A,485,0,485,3880.0
2b9eb821ad42d5830e896fc9a57710a3,B,484,0,484,24200.0
9c6e3661dac95201c607e450841a098d,A,482,0,482,2410.0
a81e12a4a225bcf05ea81f7339107229,A,482,0,482,3856.0
7c6df6bb45ac45002186545759b1272b,A,481,0,481,2405.0
92cb6f8e5ec51a1c45fda9591e530319,B,481,0,481,33670.0
a5bed38be44f409dc1588598441a01d8,A,480,0,480,2400.0
aecb0acadba8fa07b5bfb91aacce3eb8,A,480,0,480,2400.0
c37acbe7b187e9b4006a8a0c73898c98,A,480,0,480,3360.0
d19b98ed61c473dbab4d75765193865f,A,480,0,480,2400.0
29fbda34cd6641ca25b867fb1743102c,A,478,0,478,2868.0
f005d5277fe4a584a47d9c4d1371bea4,A,477,0,477,3816.0
b179baa283ca7622d48f798f031b669a,E,476,0,476,27179.6
1a9fc6fc219e8e057e3c2d28691a9969,A,475,0,475,2375.0
5efc3deb2b81da51625e3521a7e2b65b,A,475,0,475,5257.5
18548af3598d62616fe98d1e83ad6b8c,A,474,0,474,2370.0
ce3789b065747d7681d2d463e510b23c,A,474,0,474,37920.0
e35c76c9c9a2f20ddca4d5b172dae2e9,A,471,0,471,2826.0
e81b04251dc7b2a2422db3d3b482e312,E,471,0,471,1413.0
7e8e80349afd28cda654960d1cc48a6b,A,469,0,469,7295.1
f70f830439b5c54f73f41daed5cab3a3,A,469,0,469,2345.0
030e9e642ceba6634e1189c509996067,A,468,0,468,2655.2
3c19f7c8a01ada5b69db626354c7647c,A,468,0,468,8753.0
4b9622091df973d3cfe20761d50cc1c6,D,468,0,468,0.0
4c2e577be6824905b76f83d54f970b4e,A,468,0,468,2340.0
63df3fd14c49695ee4c5d3372cbe25e7,A,468,0,468,2340.0
78d3de5c982e681f774dd46b17d10c82,D,468,0,468,0.0
4f20dbef0705c555a8014ba08bf92164,A,467,0,467,6177.1
9491af35be30157694e44f7f1ad638bb,A,467,0,467,2335.0
c5301ae71118265aa2d2443fb0893fb0,A,467,0,467,2335.0
196a7add5773787b45567424fe91bfc1,A,466,0,466,2330.0
44ebba2eb0a3de8ebc6f98576cc21dcb,E,466,0,466,5592.0
ce5cd9ec6bc037a46c5eedb80c567913,A,466,0,466,2330.0
d09c69b799c4df863ce09c69206dad3a,A,466,0,466,5592.0
d031bfde8d17f9583336cc114b044755,E,464,0,464,2784.0
210073ce15d9fdd632413c9faa1db444,A,463,0,463,2315.0
dd64a07e8ca12d462e402b31243aea33,A,463,0,463,12164.9
1118b24f0a2cb425fadb3829f869538d,D,462,0,462,0.0
95e225ef6f88dbfd51a5e39c1e46557a,A,462,0,462,2310.0
a8a25ad97edba181825fbab289fa7982,D,462,0,462,0.0
a978d0874f52cce5cca6f8f53e52cac7,A,461,0,461,2766.0
254cb5da5145766511ea9efc2993888e,A,460,0,460,3680.0
6a7012ff2104c1283f11968711e35062,A,460,0,460,1380.0
95c316b0a5ec31646011e527799e4445,A,460,0,460,2300.0
e825bf1972836cafdfd288ece180f6ac,A,459,0,459,2295.0
c557d2f639f050d1e0e0bf354b9e55f2,A,458,0,458,2290.0
02ef68d33e4ee1444c823fe0c9d279ba,A,456,0,456,2736.0
22467541f60c8309ddfe92176f864991,D,455,0,455,0.0
2f8d145bd5279753dab818faf52e1e33,A,455,0,455,1365.0
fb5fe41328ee3a16c61797ac483da416,A,455,0,455,2275.0
17b6448de4d5612b31ef00284e4d73c2,A,454,0,454,2270.0
c95103696855a08b7f2e84cb4d9bcd1f,A,452,0,452,3616.0
e17b3045457104ac7419c632ef713134,A,452,0,452,2380.7
edcdb5c670feb4a1486e299171ae7e13,A,452,0,452,3131.8
0d4ca396865a2990655dcf6f77ec72bf,A,451,0,451,2255.0
cc9ca3c8c78694d5e0d065ec80eb50fa,A,451,0,451,2706.0
daae24d3224896865412a4f7a2431e33,A,449,0,449,6410.9
e09b6eee9f4ee60d9ebaa82d07b99971,A,449,0,449,2245.0
c8c50f953c2471f9efcee938af9dbc0c,A,448,0,448,2240.0
51adc636b4c918e9822a140e3fc86d76,A,446,0,446,3568.0
01cf3496dfd88ff2e28460075e959d54,A,442,0,442,35360.0
9860cc7cd16f00e18fe2bb91751cf172,E,441,0,441,22976.1
f856a114224028bdb2618031b4e8f189,E,441,0,441,5292.0
5ad4f149845a93701c76d3025f4b37db,B,440,0,440,13200.0
7b811579a2d05eedbbf27c47995b304b,A,440,0,440,2200.0
58d29ab47c1a9f0372aff7835388e77d,A,439,0,439,2195.0
7986dcfa1fe3e3c9d0c5b136a6162a6c,A,439,0,439,2195.0
4b43acdccf46644b100b89135b8a2d4f,A,438,0,438,3504.0
7a6b1ea0689a94435636a6417d7160f0,E,438,0,438,6570.0
98c3f10363b4676b1981c3ee9bbdd4bd,E,438,0,438,8760.0
b7622ddbd78b6834f48f9889d10e834b,A,438,0,438,2190.0
dc9851fc8223965d8e191677bf45910f,E,438,0,438,5256.0
53ba5a44d57ebd1bf65e9d0e94442a99,A,437,0,437,2185.0
9d87b83d95618c7070c79f75e5d2dfa8,D,436,0,436,0.0
85f302278b70753490660a3d8396fe46,B,435,0,435,21750.0
a38f40453cd40a3428bc33a293e83e8e,A,435,0,435,3575.8
edc0d18f53ecc34ca9bfb61c2417d731,A,435,0,435,2175.0
5cabe5008bda88a3b5f602259bd0ff62,A,434,0,434,2727.0
650af2a46c30490947cef3b2bfa51928,A,433,0,433,2332.2
e5727d8b404047ecf31c17877881477b,A,433,0,433,5737.4
d76f0f9eceee933ba1ca77695561df7e,A,431,0,431,2155.0
51066fa66c6137b9acd1319fe866e493,D,430,0,430,0.0
1a2d0d3be1401c35e6e31ca653fca1de,A,429,0,429,3588.9
cd64f49bbdfe7d20673368d63bf068b5,A,428,0,428,4280.0
20e81ac3932b0a0b9ce26c7eb11edd85,D,425,0,425,0.0
490b6f78b94274eb997647b555393fe8,A,425,0,425,2125.0
aa57e732a444beb685e090d8308b73b4,A,425,0,425,2125.0
4470231f7abbd5bb7b9aee056d2dfd83,A,423,0,423,2115.0
235f0f2f8a4c8b0e99468312a4c92572,A,421,0,421,2105.0
7e2a8851b3e06200ce08e0585303acdd,E,421,0,421,3368.0
87f268ebaffb9d28ae98561eddb1d9a2,A,421,0,421,2105.0
e0380979eb3ff7ba75ef117ab4dfc42d,A,421,0,421,2105.0
eaf8b31ef75208cd30319173027aab1f,A,421,0,421,2105.0
2aa4014b9d12a798b83e2b787572964f,E,419,0,419,5028.0
2fcb0c69599ba8764023360930ce84b6,A,419,0,419,33520.0
4f02077f0bdafec23821544f7448e7e7,E,419,0,419,2514.0
efa1dbb2b7d612be36bdb89ccbe848a5,E,419,0,419,6285.0
df1d13afaeb31b8dac2a4ab876c84259,A,418,0,418,2090.0
f9ee4c15264dc1bacc80a9852971b99c,A,418,0,418,2508.0
839c15427680c9b3ffcbc7a892d0680e,A,417,0,417,2085.0
f80b82755fe0e194326c810d358b7cca,A,417,0,417,2388.3
a01934b2f9b5134ca3e893c3457f1294,A,416,0,416,3328.0
88f4dd1bd26134841a119dc70fd7b08f,A,415,0,415,2075.0
631bf922145b6c5b955be67adcbb079d,A,414,0,414,2269.6
9d1ee99afbcd421b789d783f4a801844,A,414,0,414,2070.0
f0fbc8480b852ad3d513cf35ac9572ef,A,414,0,414,2070.0
dddc4b288edaab7852f6bb9f94ccf234,A,413,0,413,2065.0
55e9f73029623d0774d18851aae88e4a,A,412,0,412,2884.0
9766f12e8eefebbb07f4401320c710ef,A,412,0,412,2060.0
cfa3b2bb2e9c822fe408c14ff5952556,A,412,0,412,2060.0
2fe23839b7123b10ee39b3e74194b69e,A,411,0,411,3288.0
701008cedb97537397d9ece9a74728aa,A,411,0,411,2055.0
253240c3e2a9658ce3e0db11c6c0b0b0,A,409,0,409,2045.0
cabc852ca82538356591a4c8031e1313,A,409,0,409,2045.0
2f19d0f43de50e987aeb1730b69acd2b,A,407,0,407,4070.0
546ae065be239f1d71561f3cb59a3b9c,A,407,0,407,2035.0
c43bda07ec51bf7d0b7f17996829696b,A,406,0,406,3248.0
45c4aa71459aa08b7abed46dfa8487dd,A,405,0,405,2808.1
5bbfba0ec2c557f3c8c4f849613877eb,A,404,0,404,2045.7
e70d2ff18053fbeb8c5bb9bef7da44fa,A,404,0,404,2424.0
1c2943fdc86f8af7fd2db1ad4a5fa806,A,402,0,402,2010.0
2eaa747e82f07a9a7714c908bdc8fe95,A,401,0,401,2125.1
7e9dde2990ac849cab09d1a8efeb1b27,A,401,0,401,3208.0
9715e7e6ca9d463f76f757c70910e178,A,397,0,397,1985.0
988473d4c0d58a31da0921befc4f1b4d,D,397,0,397,0.0
05a0ee6a3990ca54419478dff510f9b7,A,396,0,396,19800.0
18ac3338e96254401bcefb87fa08274b,A,396,0,396,2376.0
37336a275ab52f2ff25ba982c1b6aeea,A,396,0,396,3168.0
62053cc523bb816c2503cfabd56f1f12,A,396,0,396,1980.0
78101dfcc4c1d2bbf2e99794b49a9354,A,396,0,396,1980.0
c84f247549bc37ea92bd4939db354e91,A,396,0,396,1980.0
1d8b9ccdc9f5d3a86b77fe99f6808fba,A,395,0,395,3944.0
b7c1c73c76b613b90829b42b2918b8a8,A,393,0,393,1965.0
854d5f7ef2745ec2627b7f82420db56d,A,392,0,392,1176.0
a2611b38e4473f0105729a36884aa5c7,A,392,0,392,1960.0
3eec65f64f25f295539b4c3dfb4f5e36,A,391,0,391,3128.0
ea237359155aa06317cf574f1dbfe303,A,391,0,391,1955.0
f229ca07872ce2855534c287fd086589,A,390,0,390,1950.0
246570882780e1a0023dc92aa12ce8b0,A,389,0,389,1945.0
a3e4c62484015ae6a6569f9d12d71371,A,389,0,389,2404.0
735beb7a20fc067613aca3916107cbb7,A,387,0,387,2213.1
a38bf475ced2c85b51d10f721b62d2d7,A,386,0,386,1930.0
450541623a96a89701553888b128b1b1,E,385,0,385,5775.0
58d6f664cb0d359a0e9ad463e6fc39ee,E,385,0,385,4620.0
5a97b41209db60875be08abe3d65ec04,A,385,0,385,2155.5
8519eefacf67cb1ea391257922417783,A,385,0,385,3887.5
c34abc00c141feb72cc221a1bb0c0e7c,A,385,0,385,9789.7
2badf49cfa2b87f4fe5b2a5c956119bb,A,382,0,382,2674.0
0403032590ae28cfe9cee45dc022c163,A,381,0,381,1905.0
bfe367a750e32cb9710fbdefc39a718e,A,380,0,380,2154.9
3186b907ee13cd64f8b40247cdc03839,A,379,0,379,7580.0
e5a990c0eef2c70a83a3c1821cd8e233,A,379,0,379,5848.5
210c57c90ac1c3b00cf73bbdf7e24466,A,378,0,378,3024.0
4332050f73e25be6935e9c88937f1c51,E,378,0,378,1890.0
a2b55f5bd3179797005480d6ae9a678f,A,378,0,378,1890.0
c039d73e5f403ba60004a9959178f659,A,378,0,378,3024.0
ec02ca19b8ec56efe4572b1b7146c811,A,378,0,378,3024.0
25df97766db07929b27393afd8ed05ee,A,376,0,376,1880.0
cf9603df40186b34ab48b1bcc036b3ac,A,376,0,376,3008.0
07963c00e666831116c2cd6d344631e5,D,374,0,374,0.0
8e447203eb68d6212119a0f2ec76bff6,B,374,0,374,3740.0
ebb9c7e32f9820c425edb74543716fd4,A,374,0,374,1870.0
15bd6c3af780b0f383061ac85f97d0ac,A,373,0,373,1865.0
68f5e3fc92c4f23a80f9badf22b08a49,A,373,0,373,1865.0
8bcfcefc5cfafb84cec6cbe4aa67cf83,A,372,0,372,1860.0
ce71d6bef552a21d2fc02ce2cf7ed962,A,372,0,372,2976.0
4d9bc52a3ff5fb057ad43cae481868c5,A,371,0,371,2226.0
10cde28dc217969703d420bc047b4736,A,370,0,370,1758.7
2bc62feb35894edae4ec8e235ffe3ed2,A,370,0,370,1850.0
a0e1139f214ba37b237f43b1db3bcc3f,A,370,0,370,1850.0
1b18c74f5af2c3128773211c68d75c3f,A,369,0,369,2931.0
d39ebd2ac84b251dc327383f321fa50b,A,369,0,369,2952.0
0155206416f6511abf479320588f6ad8,B,367,0,367,30828.0
efb758206988c5639d8a7d409ef455d8,A,367,0,367,1835.0
43b1495b5451e6189809f95ac7df054b,A,366,0,366,1830.0
8c923031b6658aff4ce3808283d386c1,A,366,0,366,2286.0
615d9b19b310e504a8d97da8a4709af7,A,365,0,365,1825.0
f8a41a2ce270ce23a86db6fe38c296f3,A,365,0,365,2193.3
47ba4a5e55373e5c11d34806033c602a,A,364,0,364,2912.0
de7a03762ef7655fedb0283960943912,A,361,0,361,2888.0
6b577923504c15a999a9c111bf968e55,A,360,0,360,2880.0
e6cc5917402b669c4638613c39114294,A,360,0,360,2880.0
37ba98953154be60d3aa9623aa8e7458,A,359,0,359,1795.0
46de9d1ecbd65e6512bbbcccfcf84292,A,359,0,359,1795.0
865168e2d47d1bf1654bc06342e730b1,A,359,0,359,1077.0
7fe7e7f37de2eb48c346bca8c1a2d589,A,358,0,358,1790.0
92a9932435194ab4fd45f4d4a7cf344e,A,358,0,358,987.8
b578bb61e8a4781c68b793e83c82eb5b,A,358,0,358,1074.0
bd73dfab8270cf0eed6514c748acb901,A,358,0,358,1790.0
f81c70428d2a1790797eae59e7ba615c,A,358,0,358,2206.0
20c49879063a85254ce3efc5198e661f,A,357,0,357,3214.0
b286d3a7bcdefd17302a4b7de728bada,A,357,0,357,1785.0
4383d55cbe06ff7c130be41520883c1e,A,356,0,356,2136.0
457e1ecbf7c8d832dc647e3d0eeba19f,A,356,0,356,2136.0
a0c2b46a4a663054834d3ddd7e4b7d4b,A,356,0,356,1780.0
f5c647d7458a7d0b5fbef156f2b84179,A,356,0,356,1780.0
51f33e026c1632f49b613915a2bf966c,A,355,0,355,2130.0
5cccaff04060cb1329a10d3a46ede0e2,A,354,0,354,1770.0
6260591da3512732ad7068fe5496a10c,A,354,0,354,1770.0
b25f9ce8b63b12b01bb23c42e2b026a9,D,354,0,354,0.0
b9bde0728586550e31134e77540e541a,A,354,0,354,2180.0
f9163914926417e30b291281d5299160,B,354,0,354,3540.0
99d3860ac2635419a6b071636820619d,A,353,0,353,2448.0
c4f901bac855287a9badf1fbb1ba9b1c,A,353,0,353,2011.8
fde62c6706a3bed4b060f73f8c82d8d4,A,353,0,353,1765.0
326003f2199683abc5eea8560298805f,A,352,0,352,2816.0
a01b3797e2b158da5145efe09edb523f,A,352,0,352,2859.3
4a2d8dc87597be73d87a9759b67cb279,A,351,0,351,2808.0
efb71337e4f2dbd7fadbb71aa0978bd0,A,351,0,351,2150.8
b6a1122c073104fcdf4a0ed60488697f,A,350,0,350,1750.0
f9059671a0eee663c5f8e9451f78d93c,A,350,0,350,1750.0
0f473e24d39c975f37e07918cc65bc19,B,349,0,349,3490.0
6f75dd2837b53e966459b8717b11dbb2,A,349,0,349,2792.0
ab1e2ba7169605c5386eb9368a61d52b,D,349,0,349,0.0
be79cb8282d1fe57aca0e6eb769dbf7a,A,349,0,349,1745.0
f520ba1af3051a8bb2776d5548cf1538,A,349,0,349,1745.0
ae9587ad3f6663d24b831cc469da987f,A,348,0,348,2784.0
fdc52ac1371f8c7e0abbc3b1842fa493,A,348,0,348,2088.0
12d115cd76b2bbe3dafa395ce50219f3,A,347,0,347,1688.4
18ff308f6973b95175b7d1da7454ba5c,A,347,0,347,1735.0
397ad39c4271b2e9d6d140e9c58a304b,A,347,0,347,1735.0
5440131e82aa4bc0f4d53d83ec544905,E,347,0,347,1388.0
5e8fe371632c0282be74023076db16a2,B,347,0,347,69400.0
8294214de440804068a3f7909f415c04,A,347,0,347,1735.0
0ca67dd28d5adf4e585a986de1f0e2a3,E,346,0,346,1038.0
d56a2ddd69c822a7acf5cac2eb854df5,A,346,0,346,1178.6
307cf29657ec2bf8f015d98ec3781140,A,345,0,345,2760.0
3b05d72dc815cf4fb763e90362b4d3e2,A,345,0,345,2070.0
65823cfd60aa1417db09707cd2634c4e,A,345,0,345,1725.0
8d612bbbd7e0453828998265e2cd7bc3,A,345,0,345,2760.0
278d3ac323245507b14d40e263ac1e0a,E,343,0,343,3430.0
2913eeadead28cb5e688e62e1a3d9004,A,342,0,342,1710.0
54caeac7c7fceed2bb4ad0698ad48de3,A,342,0,342,1710.0
64f193fe92dd8af14e90c55bfdd8383c,A,342,0,342,1710.0
a7e5509092cc2b35b359bee613a86a43,A,342,0,342,2535.0
25ff88e9b995b82639ae5d1d95ffab93,A,341,0,341,1705.0
d024fe33b6e85f22ce391aef073fb5c0,A,341,0,341,1941.2
aba451d50febfe44edaff9f34ac294a0,A,340,0,340,1767.8
186a74c47d683520cf9f3879fa32466f,A,339,0,339,2712.0
24000fa99d38a4420e2d2f3ea108bba2,A,339,0,339,1695.0
852ee32e5fd58820aeafa0f720c5cb03,A,339,0,339,2373.0
1a61fb0e688a2856a578cee5a7d086ad,A,338,0,338,4459.7
bd0b62084bc81a0dadacdbad2c6d62e3,A,338,0,338,2786.2
5182427452d64e4ba36f26958a53c0e7,A,337,0,337,1685.0
9ee4d29e4b656886a069aa22f37f4bc7,E,337,0,337,4044.0
c81085e6ea7cbdb522f568b27fc8a5c6,A,337,0,337,1685.0
4940693e4b46ba026c6576ecfa7080fb,A,336,0,336,1680.0
61ab2cd18788fe785c003ef2e33c4137,A,336,0,336,6048.0
c26554bca8595db621e72e5519b60074,A,336,0,336,1680.0
e01375f06f7240b43194d475a20bfda4,A,336,0,336,1878.7
2f88f33a72a5250aaad3144e31690417,A,335,0,335,1675.0
5ab701eba71512cc693a2d2ed9a99c63,A,335,0,335,1675.0
d45e4752b652bb6f531b00a46516ebfc,A,335,0,335,1675.0
f26eee8b5b84d12634d682ce4e1b498a,A,334,0,334,2672.0
a66e2f83ad7a23ffd3c49353463e7b97,A,333,0,333,1665.0
d3cb5cc930e325b9383e829302fb113e,A,333,0,333,2709.3
82aec561dbb7e993ab40235537da7320,A,332,0,332,1660.0
ac3a37ad93fb5990c85d7c99a74b75d9,A,332,0,332,4381.3
d7c1e0839ec8efa2d51813d2883beaa9,E,331,0,331,3972.0
e921eedcddbb398fe0f078f3f7dd0f5b,A,331,0,331,1655.0
ed9822e863e1aada4e05daf182aac20e,A,331,0,331,993.0
f8c97ba94913a1ea07aab6a3efa45256,A,331,0,331,1655.0
19c4d21b7d406095df4bc272210b4880,A,330,0,330,1757.5
fa5ed4ddbacbadd22200f6c7bd7eb7de,A,330,0,330,990.0
e773f4b4eb09d8c7e7a7871441ffb62f,A,329,0,329,2632.0
ae3bdaecbccde58ef9ee50f9fa7c56e2,A,328,0,328,1968.0
b998c396c8717b4529f7b007b6594acc,A,327,0,327,3036.8
da47db9037a042fc27694bfe938180e8,B,327,0,327,3270.0
bb9372b8658ab1a3dff21f4c59b2438c,A,326,0,326,1699.3
1a976a9d56ce05de2b9ec483c910be09,A,325,0,325,2600.0
5bee3f7a1b3c6ba23a4150f891ab516b,A,325,0,325,1625.0
b335e988942d0cfb099a1bf6f20abdc2,A,325,0,325,1625.0
a3e853ad138666e06575d3875407e210,A,324,0,324,2883.6
402efc6fe858ed90f1a221cad329c15b,A,323,0,323,2584.0
5b205a93afce940c2897c79d6c3ff80f,A,323,0,323,1615.0
fff256742237c952832b12a32c2fe9dc,A,323,0,323,2584.0
35c64de46ae112816875d672f66851db,A,321,0,321,1605.0
5d96710212f4ff8cdf110b7e5cb907f4,A,321,0,321,1605.0
66a77f8841fb8b81d9e6321831a40497,A,321,0,321,2313.0
ecf4b0c1256b4f3fc89c1b4924cccda8,A,321,0,321,3219.3
23b2c82bb0099968863d10c4ee534bd0,A,320,0,320,1600.0
8f2485d1eafe831363590dce1e8c435c,A,320,0,320,25600.0
b18e2272ac843c2d5628f5df5113e78f,A,320,0,320,2560.0
ff0313deee3a529c90f8d71a2ea66414,A,320,0,320,1600.0
61e0145c749c8448bc3f8a0c35da879c,A,319,0,319,1595.0
196fc8b78faa6c6591f1924ec6755fa9,A,318,0,318,2544.0
5e8bc672692d578748f5585848dca133,A,318,0,318,2544.0
7b0f3ec5721a4efc35635e0077903859,A,318,0,318,7063.8
aaa962bd2085b36828856327c227270e,A,318,0,318,1627.0
0b746656fda4482c0054a8d61bf685d9,A,317,0,317,1585.0
c7edc2c4749686cfd58648e37e6f434a,A,317,0,317,2536.0
0988f6842348a3c63311140c08a28497,E,316,0,316,1580.0
882ce1b689eb27be3cf787f372b3e7ea,A,316,0,316,1896.0
117fc852c56d1b1fd3bfc61de67a5b4c,A,314,0,314,2826.0
e5729812fa1428f85a833040607ed0e4,A,314,0,314,1570.0
1c5ecee311bdf13eb761bb6679732556,A,313,0,313,2504.0
a4132742ba061e3dc0a2e910fa74201c,A,313,0,313,1565.0
d6e0f9f9039fe6e7e90b1dd8ad41949b,A,312,0,312,1560.0
8f8d8d928d28008a184b4e46476fccba,A,310,0,310,1550.0
9cefa6a1ee76a3f64064b48d6aec6c74,A,310,0,310,1550.0
c5894df860521495a014bd7396740f4e,A,310,0,310,2480.0
55c243f8c6b4ed612c3c376901d511f1,A,309,0,309,1545.0
6d9bcc6609b12d76192b02a2bf0f4874,A,309,0,309,2472.0
7fc292ad9c1800b5e25990abf4f52496,A,309,0,309,1545.0
e3b6517dbc787a857deab1c11de64f2f,E,309,0,309,3708.0
709ca4e13331163a7019e81259e1f56c,A,308,0,308,2464.0
0f25db8947b8d9913a647d369e61f8bd,A,307,0,307,1535.0
46bd9e89c46068fc7dc542dcf8a43cb8,A,307,0,307,1535.0
a4718c0d04a0c63f91f88b569babfd67,A,306,0,306,1530.0
be7aef248de140063dfc26fc3d7894f6,A,306,0,306,1491.9
1ab854d19a9a48a40533f6b1c090f249,A,305,0,305,1525.0
5c82b2e22e442dc4967efedfa546203c,A,305,0,305,2440.0
06451564e251116c5ba5a597996f04d6,A,304,0,304,1667.8
1e5e815fbab3c6caf4f6627076a5cfa5,A,304,0,304,7092.4
39071675d33f18d8a46ddd02501ef416,A,303,0,303,3030.0
8978514d3fdfbbe6c0c21ed8a2fc7e2a,A,303,0,303,2424.0
d89e3ccd3af219c65de8e6af2ff529a6,A,303,0,303,2424.0
8eb8b1aa98546526538f6fc6163fe3cf,A,302,0,302,1886.0
0452a81a7c2da1c655df2c8db1acd37f,A,301,0,301,1806.0
720e3948b51cabaebb1365ecc1f45d65,A,301,0,301,1505.0
2673c073cf16b8a8174d359477aa3605,A,300,0,300,2149.9
4544e0c78c2020984b756864770148f8,A,300,0,300,2400.0
3c0cbc4ebc2876b5a80321d831827274,B,298,0,298,31290.0
945b3aff4a565d0c86997eae05764d32,A,298,0,298,2546.0
aef998512c0e61889c1dc257e56f030c,A,298,0,298,1490.0
b9c783ede1d757994a900bd59d15a513,A,298,0,298,2384.0
1eef6016ccce4dd89ee73c3bbb98709a,A,297,0,297,1576.1
8ed8ced3b2bdf41c5e007e60f7e76dea,A,297,0,297,1058.9
b2a8d5adb6e051affacc011c584d2dd9,A,297,0,297,1485.0
bf8758a23e45b97289e96d1afd862682,A,297,0,297,1485.0
fdbe2a5a9e68a24ba1c4887d9d3e4387,A,297,0,297,1782.0
b185110fd9eaf971cc9a849410141f77,A,296,0,296,1480.0
9a34f7c17877c7266c9289b0abb4fe6c,A,295,0,295,3504.0
008b60a1592705de4e5c60b4e156fb4b,A,294,0,294,1470.0
438111c8c86962d883190dc59b7b9d55,A,294,0,294,2352.0
933e1886e5ffad64b6286f59c857dde3,A,294,0,294,1764.0
a379f3965a5b6b803bf6f4382d18bb22,A,294,0,294,1470.0
ae9cdc46742c6d501fbdb0a3defc532c,A,294,0,294,1470.0
d8b342a9a8116ba481fb4c31aa90faaf,A,294,0,294,2352.0
14c63bc0861cbfc039b9a730a52c978a,A,293,0,293,1758.0
43f37e84448497944a49d8bf06c86ec5,A,293,0,293,1840.0
79e18dc12a0f395163777837553df8ec,E,293,0,293,586.0
2372458934512ab5dbfe9f35802e1a2f,A,292,0,292,1584.0
8ec28b09ec95f08279e82459f1289c34,E,291,0,291,3492.0
6c8e423c3d6d34f09ef6b25b31d24ee7,A,290,0,290,2320.0
7c876c49e719c064439caf4dfcf60bee,A,290,0,290,2320.0
87a33a0be73e8a9ebe8da9a34b572788,A,290,0,290,1450.0
4da8b883a275a3caf9a48de04a4306e5,A,289,0,289,2312.0
38e34ca16408de139304fe9c41ce4d87,A,288,0,288,1440.0
47c4c8efd03423137ccdb093907be617,A,288,0,288,23040.0
ef8e215665f9157f0d7e194101927abe,A,288,0,288,2863.7
de15a96653a65a8e8282232ffaf7adba,A,287,0,287,1435.0
5c410fc003f6cb9a8a6f984372807ebc,B,286,0,286,22880.0
bf5026bb90cec9403fac2053efe683d6,A,286,0,286,2434.0
05a705b6aaf7617f6320d9a7d5cd6b18,A,285,0,285,2280.0
31c73d9163fea11bc64d4bf849fe9fa0,A,284,0,284,1420.0
6c495464ba5ec5fee9cc373590600565,A,284,0,284,1420.0
fb9adc4a07a0898be29f99f6587eb064,A,284,0,284,2272.0
9c0482d4ea33ec03f04c5b2c626bf8a9,A,283,0,283,2264.0
ddd412683c1cd8163f19b8b0a869652b,A,282,0,282,3384.0
180db29290017b47044d975f8675412a,A,281,0,281,1686.0
3b9f9c454ae37f9a53d7301d85a7f9c3,A,280,0,280,1680.0
9587088563bbce926975b8361a0775e9,A,280,0,280,1923.0
f6b641439a33647f935184eaa3a3dac3,A,280,0,280,1742.0
01bcff35c845f488ba8bfcfa8061723c,E,279,0,279,837.0
59b79c6c90dbad4957770b55f4738a79,B,279,0,279,837.0
ac2c22b90cc5eab42b0fe22d306b49d6,A,279,0,279,2232.0
6cd83da36656ee0a2601da38b3e6c97e,A,278,0,278,9452.0
9fc6c515373ee1b21467fd54501fac18,A,278,0,278,1390.0
a2f32b0a5c90685bee6d42d8448a0086,A,278,0,278,2224.0
6d55108b64d4a89faef5c8bcfe2c1448,A,277,0,277,2216.0
960b8b2e7c836826931c0a0742e82158,A,277,0,277,2216.0
d6464b20ca84ce02b4aa172df27fed3b,A,277,0,277,1662.0
86f7e9c427feacc8cbb8e76ecf04b0cc,E,276,0,276,552.0
28383c755009c4109567575bcc92fe56,E,275,0,275,550.0
ac661454e6efe2a1afc0ddf508fe742f,A,275,0,275,1287.1
eef29a2f76ef553bab54b6f3cdbb5fb6,E,275,0,275,1650.0
f646c2e8ada7f03df7e3e97491a19316,A,275,0,275,2324.4
3b5dc9287f6d4c8689134d41e6f46343,A,274,0,274,2192.0
4ab8a9f6a57011f4e9215a14a0255b07,E,274,0,274,3288.0
eababe71be8dac5e9b85455a4f072f23,A,274,0,274,2192.0
52be1d9d351c24cce415866595269431,A,273,0,273,1694.0
58f92a3b1c63954d37f8d2c799cc2f1a,A,273,0,273,1365.0
5fdab3a8c9820f22d459498c3b55a0f6,A,273,0,273,1365.0
77618f56a460529f853cf6e647310f31,A,272,0,272,1904.0
0a67632237942d3f44a9acd69c735bbe,E,271,0,271,1355.0
50a5835b360ea189ef6df29c7c29bd65,A,271,0,271,2168.0
c33c476d9c95b58fe56cf323fc76e4e6,A,269,0,269,1344.4
130fa37e714f8570967dfd6eef7d8665,A,268,0,268,1696.1
a4cf59c3a455f1cc949458cd1eaeae30,E,268,0,268,804.0
f42c626863e2451de162b7b646a48d1e,A,268,0,268,1314.8
11ca598b4d946d7eb324228ccaef8488,A,267,0,267,1335.0
124fece3909757c9eeb9ed38e2e232a7,A,267,0,267,2236.7
574ce7384b4dc90626d4c3cea9d61b9a,E,267,0,267,801.0
d22f8ea4798b289e73da669ec2e1cf32,E,267,0,267,801.0
e1461fd4bc0b5a77c8835ca11d393fae,A,267,0,267,1508.8
e03ebb2b1a4a2da5ca56107d8d020fb9,A,266,0,266,1596.0
f50b77973417612e2b0af6a15ab5cc78,A,266,0,266,2008.9
3024b784430e012f59a5819eeb43f959,A,265,0,265,1966.3
30b82662343b000b7c5aa7d9afec40d4,E,265,0,265,795.0
3adda5f32ab95ef0aa30b4ea0fd38144,A,265,0,265,2120.0
49cda46c39bafb33de08d0eb049b9a29,A,265,0,265,2120.0
6682ed268d65ca8ea08d961070af945d,A,265,0,265,2120.0
7d50474fb22707cd61b8caf1123196f9,E,265,0,265,795.0
f2799475405230d2b21afc5bc6f4d865,A,265,0,265,1325.0
2734eb06c58727aad5729aa25b67430b,A,264,0,264,1320.0
612d25dfcee88705c06289073568bf0e,E,264,0,264,1584.0
964751c5340974ba15ab70b3d1f09f79,D,264,0,264,0.0
bcc900e37ee1aa995de8ba299c6a11e3,A,264,0,264,2265.0
97187677a4848f8800eb988c314bdb19,A,263,0,263,1315.0
173372eed1ead120a5ea9e31f5be5e70,A,262,0,262,2745.0
d9dd3e2d204bbf374ffd20dcfca2e845,A,262,0,262,3063.8
009b54be1ecdef55f3feca000730d1e3,E,261,0,261,522.0
24ab4ff70fa431088b9b79e2a2333325,A,261,0,261,1215.9
6d7d87d7952b90a87d5cbe6d46045e1e,A,261,0,261,1472.6
5d75af2b39e2e02746aadb5d2fa326e6,E,260,0,260,13546.0
7dadc93784ac94aae8e694b8d326d2d9,B,260,0,260,2600.0
aa5c70432b7d6d273f87cdaf40bf1ae0,D,260,0,260,0.0
4795265c888105c7c9bb79d0da4d2919,A,259,0,259,1402.7
e5755d2673d9d8711e3f74e9b7135844,A,259,0,259,1295.0
fd425656ad48689b92cf79301e22487a,A,259,0,259,1295.0
5e6be484fd241362bb9dbb9188f76541,A,258,0,258,2064.0
73c786409a4c6d34fbc7834c58826d11,A,258,0,258,2064.0
436d932ee12217fced454337c8920913,A,257,0,257,1799.0
0a28bb40da932b3d796377f9be5e810a,A,256,0,256,1280.0
8217c9668d136e6e8441830e5d8ea4ae,A,256,0,256,1792.0
c84c73038adb338a96981bc592c405e9,A,256,0,256,5993.6
ad49acaf88e25103d416520a00f7405a,A,255,0,255,2550.0
c62ae2997d8d72206ea1c15992ed4e27,A,255,0,255,1275.0
e8916a366b944705bb21ff2b6eface1c,A,255,0,255,2040.0
2b5b2940642e8cb567355ed4c1699d48,A,254,0,254,2540.0
db1ae7f3a638f91a5b8c053614365e5f,E,254,0,254,2032.0
edea74a605e75e6f3c8803d0d39acc90,A,254,0,254,1270.0
bdbd26dc50df1c30226487e35c358afb,A,253,0,253,5060.0
bf028dd4097542d87039193e054d52d5,A,253,0,253,1265.0
f73c361053e051a18277e12d5a8b8038,A,253,0,253,1518.0
30575c187a4472c37dd85e780c41156e,E,252,0,252,756.0
5571db32888882e11daff7c490c9d260,A,252,0,252,2016.0
58a8fbf454b018645db10c48fa8d545d,E,252,0,252,1260.0
5cd0929fcc19013594a3baddf45ac25e,A,252,0,252,1260.0
8958c020423f282150500c5d33414331,A,252,0,252,1565.0
97e06912ae585f5a3d16da840dae20e0,A,252,0,252,1794.0
b9d194b4fcd411b02eea6fe9f66bf427,E,252,0,252,756.0
bbe8002f3dfd8492dea5f1dc00cd04be,A,252,0,252,1771.4
23eb919c3eb4fc943daa7b5cf8ce9c01,A,251,0,251,1580.0
484f175d2fbbe136edc93413e1840d8d,A,251,0,251,2008.0
8e4628004b64b7073493f9ae985c1c0f,A,251,0,251,1255.0
0a4dc9b9460587375afbf3081ddfcff1,A,250,0,250,1763.0
f698158f1587c3d534cb42ed644bcfbf,A,250,0,250,9982.5
1fa962f0a2e6d1fd33551ab4bd5fe59d,E,249,0,249,2490.0
45ffe9a5e592964157be8dfbb75e78fb,A,249,0,249,1992.0
b4aebf9f6301470c4538c6e0fc54a141,A,249,0,249,1992.0
f98cf77b9cebfe65f5a44e876635979a,A,249,0,249,1245.0
a2def0ae124d7191a66aa8f7bdee6d29,A,248,0,248,1736.0
be98715883a45cc32a9d6c330db60d4a,A,248,0,248,1350.2
cb32eb91a5e812fb2ecb179962f55137,A,248,0,248,2480.0
f0e17e0e2f28f14e30ecfccf0b591da5,A,247,0,247,1235.0
7c932c78f14e2f42a77385c4b07fea29,A,245,0,245,1385.8
87b1a851e98de0ab5d6d262a687a1c31,A,245,0,245,2450.0
aa7fa7124e082145d4ca0509d48f340c,A,245,0,245,1225.0
de09d850cd546f59d5392c4a20994e60,A,245,0,245,2450.0
0435d40a7ce197fc0c525ae0a80d90df,A,244,0,244,1952.0
a6ab38cf17ec0ab6b98e4d9a4ac0e363,A,244,0,244,1952.0
de581bde15cd55d55ba652304c56ee10,A,244,0,244,1952.0
ee81506feb8f654d5c4f1251e3d729ef,A,242,0,242,1936.0
61d938e2254f56d7f7a1a6e0ec33372c,A,241,0,241,1928.0
46865d9be580adbf3263bbf405c3c452,A,240,0,240,1440.0
e97753ae72c25feee2c259d4c8365ab9,A,239,0,239,1912.0
07fece7539b3e7ac5553276d851b985c,A,237,0,237,1422.0
93ad03499f0fcc114b583e5f2b290336,A,237,0,237,4266.0
bd453bf3e0c220e829990158eb2b769a,A,237,0,237,1185.0
02d684e1ec5674d1f89f38d756b387e6,E,236,0,236,944.0
0c76bb0a26183ea6951d377eda943ca2,E,236,0,236,1888.0
ab5ca464ff3f06417e1432f93e65dd10,A,236,0,236,708.0
3d3e418ec06a65e541eaaefcc8e3745a,A,235,0,235,1175.0
665f3ba876640240a2ec9048aa750c0b,A,235,0,235,6815.0
a7b9f80dd043b314930a76dee6ccd998,A,235,0,235,1410.0
cb9a628e69bf623fd992289ee78bf78e,E,235,0,235,470.0
cbd6b398296595372d355a9c2bb0701a,E,235,0,235,1175.0
1b56284cfd07abe207f49552968f4982,A,234,0,234,1404.0
ddd4e15b7d6f37b311d31d0d11f93b1b,A,234,0,234,1620.2
eb937f42ebd8f45c7880733b106db8be,A,234,0,234,1404.0
1598bec06716afe048547be38ceb2be0,A,233,0,233,1398.0
36599ee6aa9ef79b24a74de1dd820bad,A,233,0,233,1447.0
89b9e0b34294514e791d39f6722ba6ad,A,233,0,233,2330.0
9e73f1aee1d1c29700f752568f55139c,A,233,0,233,1439.0
a894588c9dc670e2f2a5d2f521faf7f9,E,233,0,233,2330.0
b4740debe92e70164136efc9b9233798,A,233,0,233,1398.0
c8079fbfe202e7387235518fc0e82ce6,D,233,0,233,0.0
c949cf0d0dd277b3daacfea81824d532,A,233,0,233,1631.0
12a668c9b2cd45ed4574054750709615,E,232,0,232,464.0
34ce285dd9f01f339643c8cd729d3312,A,232,0,232,1444.0
49266bbe0df8c19a0a6f9245c27b0cae,A,232,0,232,1177.8
638a5869b7c4c9ae4374c472df263f74,D,232,0,232,0.0
851679776954261888f3abb2d60d0a94,A,232,0,232,1160.0
9de52badb487a152d7166bdb63f01c9e,E,232,0,232,1160.0
d43e9846d4b7cbe8c843d10d02b6f2b5,E,232,0,232,1160.0
349260f67bb91787c730c038714dbeb6,A,231,0,231,1848.0
364170e483a2429df417d22acd833352,A,231,0,231,1386.0
2aab4fece31478af8b52c2ca61b4dd86,E,230,0,230,1380.0
42bd7cdfd9cdc751e77a65876cf048ec,A,230,0,230,1317.4
45dfc74be37981e29c5a305e5c426914,E,230,0,230,1380.0
ed30563fc027843cae3fc8959245e95c,D,230,0,230,0.0
03e28675220426aa14e6a1b6e3c84ea5,A,229,0,229,1236.7
1f47806a003e76c71a960c21e518c454,A,229,0,229,748.1
597584f744c6a566ea7ac2dd6099b1a4,E,229,0,229,916.0
ed92a84322af78676356e91b8c4bc18f,E,229,0,229,5725.0
2b8f0041a025c0f9cf36ceaf81df9588,A,228,0,228,1824.0
ca36bf265446245f652adc87d64991c5,A,228,0,228,1824.0
4bdb49ed3e1a3b0a8add533f5b907f7f,A,227,0,227,1135.0
703fbddb50be1cf5e78f83eb57ebf901,D,226,0,226,0.0
8ca720404e1e7f41aad6b6faaa1ffa36,A,226,0,226,1130.0
c031100e2c795bc14020c000acbf245c,E,226,0,226,1130.0
7cbdcac63bd9424bded1d9281eaea833,E,225,0,225,2700.0
64932a435c8e1a1810a1673c4ab6e774,E,224,0,224,672.0
ed3ceffa566b549ef65815ca01af4ce3,E,224,0,224,2688.0
9d795b3772060461e0264388268c752e,A,223,0,223,1115.0
d1ed864afd1a4094f78af616aede49fa,A,223,0,223,1784.0
39fec20cd7c0073ee6cba73c67606c28,A,222,0,222,1364.2
4e81ae200750abef0f0f9deb91796cad,A,222,0,222,1506.3
9d5a87dc4dc75113b77c29c3f596b63e,A,222,0,222,1332.0
b2faafd1fcf54d3843e96d28f96dd377,A,222,0,222,837.0
c0c2b9c252d2603c32de6d87d3e38fbb,B,222,0,222,2220.0
cdbdfe4c1293f3f6542a7b3bed2f2931,A,222,0,222,1332.0
dabb3905633b6ebed3cc4133cb7b4810,A,222,0,222,2220.0
e6b63a182210d9dd05e3bb4823abcf16,D,222,0,222,0.0
1e3e6b6ffa5e8a1fbeeebe2976298747,A,221,0,221,817.1
348eb3096a1e3ff2fa9fed06f6231b2d,A,221,0,221,1324.3
57a447a49027d1dc4f0dcc6a4599e0d4,E,221,0,221,663.0
c179015e2f62f580ae4a7acc0816cb8e,E,221,0,221,1105.0
1600b51456d3435da0cf6907b7f18e11,A,220,0,220,1760.0
76afe98eb7c6647a56c009678ece3f4e,A,220,0,220,1320.0
962e4b609ede45c114ef72068b48b97e,A,220,0,220,660.0
9f3a7d1aae71fc4f98836042d6f46583,A,220,0,220,5940.0
31fee1ad6b86164c0c3ba90f893dd1f7,A,219,0,219,1314.0
4a64a1997b0299dd1893164c64322990,A,219,0,219,2158.7
795f7e0b051d6d7654c710cb8164d940,A,219,0,219,2190.0
8d3789bbf9b66f3dae2d4a927c0f4a1a,E,218,0,218,654.0
92bb5e1edf5ab509d1894f2bd6c8a149,E,218,0,218,218.0
a1093d16e24d5e8a6ec01fe0df06c8ab,A,218,0,218,2180.0
d79b993ea17e2a217b224df7ab45984c,A,218,0,218,1308.0
cdbd304247d6b5e4dec0712d9e6af42c,A,217,0,217,651.0
00b5feb76245c619bc94d3d6828d70d7,A,216,0,216,1080.0
06e9992b954979356da1bff685dba12d,A,216,0,216,1296.0
3784b58223ea0143f88f024aa1c04b89,E,216,0,216,2160.0
a50fc9a107de7c04f13ea86276a596f2,E,216,0,216,1296.0
3145bb2819523878d4169e2aec3fd840,A,214,0,214,1070.0
33164b09cc7c7f00f22d814295b0b0f8,A,214,0,214,1070.0
4e5b0c04311ceeee9cc4c0f11dc145d5,A,214,0,214,2140.0
4fcfe3dc4f29872f9b02a0a44da0a1e9,A,214,0,214,4280.0
80591cc06583fa342b68f19095a2bb4e,A,214,0,214,1124.0
9a150d31f32c049408ebcb3ca7fe9fe0,A,214,0,214,642.0
e2c24f43fb7822737e54a9f05f8bd534,A,214,0,214,1284.0
f5f2481e805acbd6d08661eada7fa200,A,214,0,214,1284.0
0232f07b2ebb7c82176dca4a49c64eeb,A,213,0,213,3195.0
280c984482a09b9b24219066bed5dce7,A,213,0,213,1434.0
764376b2f92ee1e6540ef1324db7b02f,A,213,0,213,2556.0
b3933083ecd58bcd43d46e9950c4a7a4,A,213,0,213,1278.0
07246fe50be494b4d0d95a8a7d429035,E,212,0,212,1696.0
1ad3518b7c90f317669f1ef9bdc95742,A,212,0,212,1187.6
64f232c7dc995f54bdfdb8424542694f,E,212,0,212,1060.0
6804d411f58782644e731da520e0758a,E,212,0,212,1696.0
6a15b1699aa3dd36869b785e05d458df,E,212,0,212,3180.0
75031ea1d671399a97459e083f5d2698,E,212,0,212,1696.0
92d774a310fec5f250357792cdab4a59,E,212,0,212,2968.0
9700121cecb2ae606d052018744a110c,A,212,0,212,1272.0
d3c3df36602bb700667519cad6a71567,A,212,0,212,1908.0
e59ef93f73c9af5a7eff3a15f0c1b0b5,E,212,0,212,2120.0
ffae6b389c35a8365b972ad0d137a637,E,212,0,212,3180.0
a7350ca0ab6a9fd0e9b73e9a321783e9,A,211,0,211,1688.0
57b352c7df9e875083ab89c3ee4da5dd,A,210,0,210,1680.0
88a52c0d85339a377918fdc1ae9dc922,E,210,0,210,630.0
9801c8b02463f823eb2826a533045153,A,210,0,210,1272.9
048929b746ca312a03319dcf2a771e94,A,209,0,209,1156.2
3b2bb033a90473c84c4b49c8aab6c502,A,209,0,209,1672.0
9359934869071cac1b0c910b48553b58,A,209,0,209,1672.0
9fad438e3d870a908551f2e021dedaf9,A,209,0,209,1045.0
bdee0556a8cd1cbe43c6fc401ca7e72f,A,209,0,209,1670.0
d91364df5001b5f1b5e226c2f2dfcc32,A,209,0,209,4180.0
ee72f861a5abc4f45b6630eec2f22639,A,209,0,209,1672.0
f2593112516fd9f89bd259d5b42881a7,A,209,0,209,836.0
581fab6890c15fc38e114c62289fa20a,E,208,0,208,624.0
ac0f3dfe2a5bfa3e8d794eb1e3d98266,A,208,0,208,14560.0
caedf62bce93c570c1b0d13469e7c2e8,E,208,0,208,624.0
36e984d1542a4819146b4e6ca4790632,A,207,0,207,1035.0
3e6a337a02bf799bcaf083ecb0beac85,A,207,0,207,828.0
61ed87e730d7e900fa20e8c6f82b29ea,E,207,0,207,3105.0
6f0fa51eb81a7d03aa179eab82aacab8,E,207,0,207,2484.0
7ffca27b3dc882bb8823f516550de1a6,E,207,0,207,1449.0
e8e4ad996299b17116af54c1469daf5a,E,207,0,207,1449.0
1f361666b39af9a7f85a38325a5b7282,A,206,0,206,1488.0
73705f907b053105927bad7988021f25,A,206,0,206,2472.0
94e5ece3c319929797f02382810c2324,A,206,0,206,4120.0
f824a3fc090273f199204d14eba8d852,A,206,0,206,2723.2
feb640d52b352c5ee3bc4107c632a063,A,206,0,206,1236.0
6267cc1f34d95f30edac70542d4338f3,E,205,0,205,1025.0
6d973d97429503b1b23353dcc3710a01,A,205,0,205,1428.0
de8af3736c2cad049c20953b17b5fb70,A,205,0,205,615.0
1bea03581028cc2c90549d730bc2de55,A,204,0,204,1346.2
1f322d572ab6e5f7f32c2307d5c20abc,A,204,0,204,1020.0
2e49b64065763a448e51736d4d918264,A,204,0,204,2040.0
79ac6512a53b4b685063ca1b456eea44,A,204,0,204,1462.0
259cee5feafe8573566ad70855ac2a6a,A,203,0,203,1624.0
287b4a91e39fb0dc9aa322b69136d5aa,E,203,0,203,609.0
28bf98e33722c53f42be3d7aa38a2726,A,203,0,203,1218.0
9db33939a8a65d3570e6db0f8085c4a3,E,203,0,203,3045.0
b35b5588c7ed3f7039039a8a9748e38d,A,203,0,203,8323.0
199791b076fdfb1b5f2c35919276298c,A,202,0,202,2020.0
36a238ae7702516cf348ea10c27b4d26,A,202,0,202,1212.0
3e14ffea833bbed22b349eb256753c02,A,202,0,202,1128.7
a90457333172268c471c4c2544319a04,A,202,0,202,1010.0
c272594aeacc15a40fc7b4db745b4eaa,E,202,0,202,606.0
cf51ad0669e237529f4935b8559111a0,A,202,0,202,1414.0
19d835415354dda7b3165a0d820ef014,A,201,0,201,1487.0
255b52bc688978107447f78385dce31d,A,201,0,201,2010.0
7b06cc2dad696bc552a267feccb863f7,A,201,0,201,1203.2
8f6d6df2c7f9ce1d3f555879320d14a2,E,201,0,201,1005.0
c82ad3ddf9a6d76e5a0f41c11d9c9d2f,A,201,0,201,746.9
ef167fba4aa5a126bfaed3e111ec7fe7,A,201,0,201,1206.0
bcd9ef142dea8868ed99bc5e17778318,E,200,0,200,1200.0
c08d0e58334fe002ebef5a907282ead3,A,200,0,200,1000.0
fa95f9494b2dda521d809ce192cb875c,A,200,0,200,1200.0
01a7da86ad5260e98ad7df3487a22b2e,A,199,0,199,1592.0
b4a2a70183e1fe2f2b9c2c1b878fc9f4,D,199,0,199,0.0
d820bd12e2eec2ccc2403777eec0e025,E,199,0,199,398.0
ffb92baee5317de0e277afbfbfe051ef,D,199,0,199,0.0
394c1ae2f6d71a956dbc6350d4551d57,E,198,0,198,396.0
46ee5514fe62f84d470e79f17c660176,E,198,0,198,990.0
5b99f4954dcd66bf3d275ea1b8d5bd4f,A,198,0,198,792.0
5c4d703a5c27f9d8f1eb8a2a0816cdb3,E,198,0,198,396.0
68e56629da18b1733a41ac097faf01f8,E,198,0,198,396.0
7b8d74959b1c0d15d79ef8ea15d76e15,A,198,0,198,1060.5
a3f54bcc9f000f3f87573aa4c09946f3,E,198,0,198,396.0
807b25bb2461a35644f78514b0b605a7,A,197,0,197,985.0
9921de44592f1ea10e397e6b34f47201,A,197,0,197,1182.0
bb8eb84a2de22b8a72508d576d052ae9,E,197,0,197,1576.0
cda8452e873b307c5adf01913ab16c90,A,197,0,197,1182.0
42949587ae8491bcc6d3c971c177b4aa,E,196,0,196,980.0
4e29882dc854eaf618870ecf82679a37,A,196,0,196,1176.0
5553c086a64b9c0261f30fd68c52a062,A,196,0,196,980.0
9b4cbbfd18b3700480e96968f8295ad1,D,196,0,196,0.0
e9ea53b08204da20240590be4b114758,A,196,0,196,636.2
fa6a8d2c9c0f2a503b0d7911a320fee2,A,196,0,196,980.0
4e96c437fab4bb8f2b0584ffc4944fc8,A,195,0,195,2040.8
e7764a0d688e4e13c5a0acc7ad366dde,A,195,0,195,975.0
f914a3cf827b9ab194784669778323b3,E,195,0,195,1560.0
1779381a99f23d8f02bb4bfa0c0a02b1,A,194,0,194,1358.0
6e9e8e2993bea6835e9bdc83a092a6b1,A,194,0,194,582.0
9bafb4c18d4d4391196a667d316bd706,E,194,0,194,970.0
a67eb77b974597f81ee7d74d4f97d476,A,194,0,194,970.0
ae1d391ccf28a79a8abdc565e0908407,A,194,0,194,726.7
c2fe0ec414bbe1162f2861ea83d547ba,E,194,0,194,388.0
ce812b6e7a97d8aa4e4fbdf0091ab08a,A,194,0,194,1162.2
12e364f1b9a023136b10b07b003dcf37,A,193,0,193,998.4
3a553af812d1618ea7ed72fea2829f82,A,193,0,193,628.5
4d1e8403d4f04cc02f80447c9b171b19,A,193,0,193,616.1
8d93cb852482e793a39518165eda56ef,A,192,0,192,1062.4
063875ff2a4d473a84bee73d4b1cb7e1,B,191,0,191,57300.0
40aedf4bad283f299cc9f3d9868e0b5f,A,191,0,191,1528.0
5697b4881f2d477c1f1201f844958699,A,191,0,191,1146.0
bd389829b8bc8a885a080ee85cbd90be,B,191,0,191,57300.0
55a525e07056758dd050d27472ed6261,A,190,0,190,950.0
611fc96f5619d6e60674d458b9c29331,E,190,0,190,380.0
f1477d6c45a7c35954ad4b15b8454ccf,A,190,0,190,1330.0
fa25dc901495e91180be187cc9b36a72,A,190,0,190,2850.0
373ec29328f6dd0b1fbd817f8d7baf6a,A,189,0,189,1890.0
434bd66962b0112ce5757a966fb62422,A,189,0,189,1323.0
84575a0495986cb75400172ce1a598cb,B,189,0,189,18900.0
f14012269db45df49aa66c862b9cc750,A,188,0,188,998.7
fef6381407c58c21beff48963c0fc058,A,188,0,188,1067.6
3730c2274afea1d8d5cc0257430aa6b4,A,187,0,187,1496.0
f7073f0d1c9ae3dfbc7844c51cd65e54,A,187,0,187,1122.0
263f9633a06c9332354ee20282675324,D,186,0,186,0.0
afbbe7e4106f31d38fe9c15cda508e52,A,186,0,186,1488.0
05afe7a906996994c203d2645b2c7410,A,185,0,185,1107.3
67c1683f37a5862dd7a78e209a270837,A,185,0,185,691.9
8db814a9f6a91ace71155b2c355e0a1b,A,185,0,185,2960.0
c82ff1476202ab488163ca9ae26bf36c,A,185,0,185,1850.0
c91fa14d222b25e3dbaa4037ba46880a,A,185,0,185,1295.0
e3c850f7f2d3eac48c234c03cbb4320d,A,185,0,185,1850.0
fda1d9b5cb6e37d9712a68838e291a52,A,185,0,185,1478.0
2523bbc86c1b2b887c4649b688fe9f9a,E,184,0,184,1104.0
8ad4374b26369c9f8205e0277f43ff9c,E,184,0,184,2208.0
8ea40a9e0b02a7720dc35a7cd9cdd30c,A,184,0,184,2222.2
955bd3bc9205b83a42d28c9cdab0ce26,A,184,0,184,1104.0
ce7206100d5cf8e7bb691376c7d73526,E,184,0,184,1840.0
17255c320a1cc2c1b4635ff1763c1e73,A,183,0,183,1528.7
2f838a26e09ad38dd7539eeec40a2b2e,A,183,0,183,1120.0
58dd83f00966a501c63b30ab71d2f7e7,A,183,0,183,1464.0
92b9ac9dc16339058c6feab6367a52ee,A,183,0,183,1050.7
e13fc209a35ad45a09e91c4f6d0442f0,A,183,0,183,1249.4
0827437017dd86cc6ea64764e5b9bc72,A,182,0,182,1274.0
138a6eefe287d9bd6abaf9ea87d2aa0d,A,182,0,182,1135.0
6671c0912ca9ca02abd7803081c6657a,B,182,0,182,18200.0
78112d506d7278c5118b0180f099eddc,E,182,0,182,910.0
82f197f314f1c3ebdc5b11af4de454e7,A,182,0,182,950.6
a7860ff5576b01fdb89aaba6b965e4c3,A,182,0,182,910.0
d08ce0d2b2599ae5ca0e3fd7632e1c59,E,182,0,182,1092.0
0e0a7ae9431175904a446e84c1b1d446,A,181,0,181,1448.0
45142035ce0eab839d840db7ded26515,A,181,0,181,1131.0
4bd3924a5108ca750bafa411c61fe05f,A,181,0,181,1086.0
a5a59ccfbe4087a9119aa88575f20c3c,A,181,0,181,2172.0
c3547124e71528ec214ef622cff247e1,A,181,0,181,1810.0
e09b085243941aa4436068cb9e579999,A,181,0,181,1090.0
0372e27e23e6e4fad928bee294637952,A,180,0,180,1440.0
5a5d00ab535de4d5e5535f390fef788d,E,180,0,180,360.0
67927567b85367c1d0dffd5415ec30d0,E,180,0,180,9558.0
ab89025eee69d82e127201cdcad7b99a,A,180,0,180,1620.0
87ad732dafb7dd67b480dae8d0762097,E,179,0,179,1074.0
f315dbe4d9680f97d09fe05b1ea08bf2,E,179,0,179,537.0
e802ae4adba6c7169a3121abf35266d7,A,178,0,178,1466.9
1f16addecb5bd1d93aae7e4db4f5bcff,E,177,0,177,354.0
2548a9efa284acb31d06dc7b7ad476e5,A,177,0,177,1259.0
2f5fb5a0df87be6f6af023ae666b71eb,A,177,0,177,1036.9
4788d4efc2407087e68436287d0443c7,A,177,0,177,1160.3
4a4150a87542490cc222fcb6f3f2bd8a,E,177,0,177,885.0
6d16b941a718f1f0a4a153d47c35d33f,A,177,0,177,1221.0
82d161bdffeaa8bb42e1df4a20c7889d,A,177,0,177,1770.0
8fe54640daff62360a70aa1df25cbef5,A,177,0,177,1062.0
043ebc62634c6995318706ac724d785b,A,176,0,176,1760.0
31fb273e18619908f3f0949422fa18e4,A,176,0,176,1408.0
4bf30dac466d1a5fde30bd1b0d70c889,E,175,0,175,1050.0
612e91a3de84a293b652fd26da602f8a,A,175,0,175,2800.0
9234564c7901391b6d3fc6db0032ec92,A,175,0,175,1750.0
adf91a6b52f2bf391089f54ac5138b0c,E,175,0,175,1750.0
e47fccc21b42564fa27283982f2b57da,A,174,0,174,1044.0
314ab601d2f531afaf02557810d4073e,A,173,0,173,1730.0
6402bcfaf680ecb260123acee862daae,E,173,0,173,2076.0
c7890ed31c0533b875b674c242c86d79,E,173,0,173,865.0
11f5a36ea04ce3b606eb1e9342d47b16,A,172,0,172,1376.0
49f6ec19ac45550f0248463cf62a42f8,A,172,0,172,1032.0
60addeb488a563efde3977df631343bd,A,172,0,172,2064.0
a2ff0a7281de7a76f30b5d1021b34a96,E,172,0,172,2064.0
d399cd7d00f32ec6794672d3481e8b99,A,172,0,172,860.0
f740bfaf8ae2b16742bb77b179c1e285,A,172,0,172,904.7
7596782b402e9dfc1351638926ed7e65,E,171,0,171,855.0
96b8a495990bf22e434c5c7482b7abfd,E,171,0,171,342.0
bf8b232ac6df8a685d96fa9114f9f609,B,171,0,171,25650.0
cba3d29f18191c3146fd4045aaafed14,B,171,0,171,25650.0
e486bd83ab435989bdb0dcc68c2ea052,B,171,0,171,25650.0
ec582acfb1423103f259908424525923,A,171,0,171,1485.0
027dc5b00a7d34a28e34ac6bb327568d,A,170,0,170,1275.0
47c8faa74facc88626f1a76a56cb1e03,A,170,0,170,1389.1
89dc1c04f04babcf3da2c1d2f08487d0,A,170,0,170,1061.0
c3d1d033af7fb7ce7aaa58eefef41937,A,170,0,170,2040.0
77c5259eab442cdee603973dff95a07c,A,169,0,169,1690.0
dbf333a1dd81bf3b0672fb68553bbbdc,A,169,0,169,1156.0
383a8733ebab4424370290e2fe4b838d,A,168,0,168,1344.0
3a7a8620dd8cd4c8a539d50fcd971e42,E,168,0,168,840.0
4ccf4ccd0fc23da3cd905debe4318173,E,168,0,168,336.0
719cc3c084d2a361262d9d9973347eee,A,168,0,168,504.0
743a9b34760fc985d09032ccd51248d3,A,168,0,168,1052.0
b961a461b1311a197b903099d32d163d,B,168,0,168,40320.0
c2e8daa3fe8600166fe99c376b8c27a9,A,168,0,168,504.0
ebed25a941b46390fc82d3e6b0eb3102,D,168,0,168,0.0
0fc02335853437c380f63174332b6516,A,167,0,167,1002.0
5e9875611a28422777a5ba008d72a09c,A,167,0,167,835.0
db3057aa59687232fbd89a3fc37eb5f4,A,167,0,167,5010.0
7c647e122eb5071ae06e4de8491bdb4e,A,166,0,166,538.0
fb6720163a4b72b23a1a372c68736f1a,A,166,0,166,1328.0
9607d780e7a25e3a867dc5be9aa06205,E,165,0,165,825.0
3903548c8eb763ea08c9ffdf24ab54e8,E,164,0,164,984.0
923ee2494fe2af9661612add9b85ca53,A,164,0,164,907.2
bad8ce305b1a7be908bc11639ba7a9d0,A,164,0,164,1312.0
f07bc7ffd7ebcf2a9c6b562d344a4e7e,A,164,0,164,1640.0
2e536915039a125710948491bb1b0376,E,163,0,163,326.0
3bd8fccd95b597eec7596719384b07dc,A,163,0,163,1630.0
3cddd85d3a35f71ccbbfa42a07eba46a,E,163,0,163,815.0
3e54a722882c6b2529538a32a098a1f5,A,163,0,163,1304.0
3f36c24a18776a001f1cf8d5c0a6ba37,A,163,0,163,1304.0
4b4c3f7c6c9fb82a8920a325c243b815,A,163,0,163,815.0
594d2ffa5a2bc570bab7422a18b6e24d,E,163,0,163,489.0
ac7de6707260867c934416181d724cae,E,163,0,163,815.0
0a3f447e6fa12b74224295eaeab47bfd,A,162,0,162,810.0
3d6bd9dd9eb6a78aa5ed4fd4c6fa2c0f,E,162,0,162,324.0
5eb304964aea70ce1ce46aca77efafdc,A,162,0,162,1296.0
79f9f3fee8e6d53ba5cad0017fa96b92,A,162,0,162,1296.0
955e9aeb1bba63961ece64ab8d0e6e41,E,162,0,162,648.0
ec8f2572e8ca5b65b54bdcd9007fb731,A,162,0,162,889.4
1054dd099e3998acb4c217f5ae41d8c8,E,161,0,161,805.0
33a1349b149e1e961e361240e6cb22e3,E,161,0,161,322.0
5bdf4eb7f83b58635cb0126c9fb0d3c5,E,161,0,161,805.0
bb3e140182b73f993b966acc6e2a07bb,A,161,0,161,966.0
1f1ab3b4d920db32104d130c38d623f7,A,160,0,160,3520.0
71d50faadf02835cfafdbd92ad7b918f,E,160,0,160,480.0
7d8865aeb206c9c725169466faedafe4,E,160,0,160,1920.0
93a32c8c6dec21f9b69a3fe2b849fdaa,A,159,0,159,1272.0
b6a227afcc227b0bb55b001fcf7f87e7,A,159,0,159,1272.0
e0fcb9095ba6b79382ce7cf4436bad50,A,159,0,159,1590.0
c5857c102a26b9956ea5b19402175348,A,158,0,158,948.0
c62bf109d9c4a66343ad6423f16f43b5,A,158,0,158,1580.0
1afcf234c0b5dd7c0cc9b8e212c76ddf,A,157,0,157,314.0
6204afe44890ee1d9e7efe4eff2ce1d4,A,157,0,157,804.3
e6fac1cee0753bda5b64bb9e490dc424,A,157,0,157,806.1
637556b970ef3a43298c865d934f1782,A,156,0,156,1170.0
914fdd235290fdb954e8081727f10649,A,156,0,156,1525.3
ae102ecdbe0a243dd10ca84410045d5b,E,156,0,156,312.0
c3bd6a03ae34ed18955886ef1a93b01d,A,156,0,156,780.0
de5e329e481a9924f351636dbda4dae4,E,156,0,156,780.0
3686e37365cf3680946348117d1a6a93,A,155,0,155,1860.0
388b3074a8fe66c2fc5bdd18392039d7,E,155,0,155,1550.0
75411ef9a68e90e95444f219e389d7be,E,155,0,155,2480.0
a33e40001e4bb3fd0e223ff62de5cae0,E,155,0,155,2480.0
aaaa8729a95fd68b0f44ffdde88b545c,E,155,0,155,2325.0
def5d03b16bd1c867a2b94960aaead15,E,155,0,155,1550.0
ece06b9dd6f8d4cf2b04a95796966765,E,155,0,155,1240.0
ff8a777f774160654aae94375bc8ccab,E,155,0,155,2170.0
7a59b993ae7f61176985509dff364953,E,154,0,154,308.0
8e6547ef9a0e4c33a5ac33073c488ac4,A,154,0,154,770.0
e3959c147481aadb7b0aed6c08ac83f7,B,154,0,154,7700.0
03dcbbb90c3cb3ce6502231c8ace1d17,A,153,0,153,1224.0
08a920d3826037374bbf12096bc9ee1a,E,153,0,153,765.0
3a7947e39174e3ae0911355778171f2f,A,153,0,153,12240.0
9d2b4e0b758504357c25bfe83e9d39a0,E,153,0,153,306.0
e8559ae9615e60ee9d8f4dd249577355,A,153,0,153,4590.0
3939040ff8e837c083d6fbc19a334936,A,152,0,152,912.0
1e7b9be0ec641d9824abcf88962ce6ea,A,151,0,151,453.0
472200f878828c646e7bed6651802771,A,151,0,151,1208.0
69ef681a8272bb1769bb0ecd7304b578,E,151,0,151,2265.0
918b684d2614501f693ddf2ada6dc8ca,E,151,0,151,1812.0
b8d616dcca4c448aacc9b746b1572ade,E,151,0,151,1208.0
caede04527c4fe59d5048fe7cba9691b,E,151,0,151,1812.0
fe1598e0b7fb151d715452ca2b63dfcc,A,151,0,151,906.0
3a6801576f5e886bc060ad1c89836705,A,150,0,150,750.0
43f6882d489ce704d5d6f02e5afca422,A,150,0,150,848.8
893a7213c6a6be06758bbfcb0f2047ff,A,150,0,150,813.0
1e4e30c986d8f2a15dab3eb53ae286f0,A,149,0,149,1639.0
3cfb8cc5e1bfc0c1e5edcd63d75e3ace,A,149,0,149,1188.0
72fc68ac1b38e6e35eafa770a777964f,D,149,0,149,0.0
90b429a6ae840351c787a72bcc9dcec1,E,149,0,149,1490.0
b74322ac57bd7e36d17b6d7c73760e54,B,149,0,149,12516.0
c910f238aaf28e0f2e9b0db54df52aaa,A,149,0,149,1490.0
dd932af8b39de8206b028bbed2c145b1,B,149,0,149,15645.0
e3ce1c1b3ece9923595878fc8e616dc2,E,149,0,149,447.0
b1cbaf10bba509ea3141fa5eb6a59ad0,A,148,0,148,1184.0
3eea86b1da24be0717cc3da8737e4adb,A,147,0,147,1470.0
50d11121433c07714793c2cce9106cbf,A,147,0,147,735.0
521b0bc11f9025e21dad6176d73e5b0c,A,147,0,147,294.0
640469fc850d3aab9aa8eaeb4281e398,B,147,0,147,2940.0
f73ae934a6694f2ee41d05114dd58164,A,147,0,147,5145.0
0c00e5a1c23ef26477126973106c3843,A,146,0,146,876.0
008db531e809001f9e54d6ab03d0b264,E,145,0,145,290.0
1322917d0fe5da64cba8a6ee4652ec22,A,145,0,145,1595.0
297d97e223b6d358ea33b7cf916cd390,A,145,0,145,2320.0
3a7f73e0d852fbca68bfd0f3272f6ea9,A,145,0,145,1160.0
4a6be4b1f0260e150fdc3fda2da7a535,A,145,0,145,725.0
7837534c78eb1372662b1b138256e755,A,145,0,145,725.0
b5e1685864afeefd50a3f202f9bb6c99,A,145,0,145,792.4
d9503b49a960939bad855d73b26405f6,A,145,0,145,725.0
6a14a6635f5438937575d7c95b3da229,A,144,0,144,864.0
a244edf1a65cb0eb3ff1563e42ea4730,E,144,0,144,2160.0
ffb014d2a44e816b9dcf1dad78990c6d,A,144,0,144,432.0
10b736ce456bee1158fb8d215aeeec43,A,143,0,143,858.0
1311883c87ecaba0a5aa56bcee991dd4,A,143,0,143,858.0
22fe56ced721cf1af43b2793a57bdade,D,143,0,143,0.0
2d2daf81189046f2587bd3d77814bc37,B,143,0,143,2860.0
3572464e1e709dbaf4e121a108e4b152,A,143,0,143,858.0
3a049734cec3a5751058c7e71b0ecfa9,A,143,0,143,662.8
4cadcad92b2457bec83c869b245db5b9,A,143,0,143,740.5
5e1bb476f973baefca0ab2d64eb9e3b9,A,143,0,143,4004.0
80b1b755cb1ca5254d6b93207149fdf1,E,143,0,143,7593.3
00cee9a39ed428a97c862b21de988e9f,D,142,0,142,0.0
1ac7c07969c9bb8786078af1c5e0f411,E,142,0,142,1420.0
221336728827d1ab782ad0499dbd1a4d,A,142,0,142,2840.0
7750504fe162e780af2f943774232216,A,142,0,142,710.0
8074bb9711202eed7eca082a182f1ff4,A,142,0,142,852.0
c974ba2c060a46e0a4bfea8dedc238d3,A,142,0,142,852.0
cdcb486f544538c7d9b6fbd2cf3afbe1,E,142,0,142,426.0
e298165053c78f07e27ccab6d3d7754b,B,142,0,142,14200.0
e89da5da26cb083fbac1daa69868f11c,A,142,0,142,710.0
f8a0c2d0484b523dd52039ab7d6987f7,A,142,0,142,572.7
50d2ee2ceb15cb3c46f9ef12d146c001,A,141,0,141,846.0
58f72610eabb53503afd17686bd552da,A,140,0,140,700.0
824f9987e1c6dd81154e85b0ddc9a8f1,A,140,0,140,700.0
9a08bdd423fb8f2ee93b8be8c1a8614c,A,140,0,140,420.0
d976b13343f4db6064b7bd9c2dadcf21,A,140,0,140,700.0
db85592b6e75887a9681196dade748e1,A,140,0,140,840.0
20d6ac7daa9170a1d762ca49cd46f835,E,139,0,139,278.0
265fa36113c61dfd45289b811f812081,A,139,0,139,454.8
6daf14334f1196adab607f6b53a2a032,E,139,0,139,695.0
a164b81a27b5445b2953918f06d255d8,A,139,0,139,834.0
a76693308e132f6223805d294eaac92e,A,139,0,139,1111.0
c0c5692e76264d0985a770ef865f4bc1,A,139,0,139,834.0
c53bc3fea16cfbbd35f7f354b218751e,A,139,0,139,1251.0
e6a53fe8515607b7dcf9bfbc947b9ac1,A,139,0,139,897.0
eb5ced72d8f2cedf1467e9dd02c7098c,A,139,0,139,1112.0
0911d6733617b0247d916aa39ecc5507,A,138,0,138,1380.0
3eaa4ff5a897e7aea2eda6788589d796,E,138,0,138,828.0
bafafd9d938bc48359d93ffedba7d878,A,138,0,138,690.0
aa3035671667c607f0685029d64f5ecd,A,137,0,137,2055.0
b49fe69946901368aa77d5aafaaff0c8,A,137,0,137,1777.8
c671bcc2d8103cd6bf428c830444ef05,A,137,0,137,822.0
d314d15400c52c8467849231ac724385,A,137,0,137,1918.0
0d61e82f07568fdb8cf893d3f747fc9b,A,136,0,136,680.0
2953969f917ca7dbab3e05a757341133,A,136,0,136,933.0
2a078e50181c8b41b6d47d56d2401ca6,A,136,0,136,1088.0
4f23a53f3774026e154b40b358ef5ce9,A,136,0,136,816.0
500041ca86129a548204c7209c11858f,A,136,0,136,1297.7
76b8fdc1f385c13f19b14f51791e2e94,E,136,0,136,2040.0
849a4cf9053e8bf98b2a013af149e1f6,A,136,0,136,680.0
7ab8c3d004c88ba36d77cbe47a53a462,A,135,0,135,852.0
7d71e32ce63c4ef09c94f8e32c974e14,A,135,0,135,2835.0
2342520de65b78f138cbe0cf201aab4a,A,134,0,134,1667.0
281012acfe74769bb5123dd3d8770405,E,134,0,134,268.0
544d71e44a178ffee8142929e4a71bcd,E,134,0,134,402.0
83b3d892c26f82222a73a5ceb360e81b,A,134,0,134,1072.0
a3ba0262e57a09c071fe033b099edb9e,A,134,0,134,1072.0
be428b90b038686d012084c0f39a0691,A,134,0,134,2010.0
e7f8db26cdb9fb743b42a4f076fde0af,A,134,0,134,804.0
e977cded28a4c48c4e4a61b3dd87c3fd,A,134,0,134,1340.0
38a16d39bb3dc12a69474cc4b4431e35,A,133,0,133,6650.0
6125912343549ff010bfdabcaedafdf3,A,133,0,133,2394.0
689e09c77eae06dc5715c3f68e13371d,A,133,0,133,1064.0
a9c10a211d89f5c9a22c1d7f4fbb4312,A,133,0,133,532.0
de379ece2a8dd68776d1a80e9566e9f6,A,133,0,133,665.0
e2650431b4433b56a44aef6170ab1b8d,A,133,0,133,1029.9
e782f158eb64cfd14199317dbe607939,A,133,0,133,798.0
fa2dc2c8e508caddec9501ee7778c0ff,A,133,0,133,665.0
2e135e0a85988314e3df8382965d9627,A,132,0,132,721.0
40696dc6cb3b9f1a873d8d9fe1578b3d,A,132,0,132,660.5
968aa74be554bbe798755b1de24a8168,A,132,0,132,900.0
9c0cbce3e69c1b4079660639a9c21f40,E,132,0,132,264.0
fd0ff26f355c8a0663e4644854198f71,E,132,0,132,1980.0
0a3b0571c19345d0b2205c68f75ce3cb,E,131,0,131,1310.0
1771e6df79b74282d8b0aa405c543e3a,E,131,0,131,6956.1
501df16188275ed446cb5ebe0fbacb08,A,131,0,131,655.0
68ab14e9551268a47ed675478d0b281a,A,131,0,131,3407.2
7a08a41ffb90b07037c6df043bb217c1,B,131,0,131,15720.0
863b50444a60b3bf06aedbc694e111df,A,131,0,131,843.0
a33037fc8373ec92c62b55c4e79164f9,A,131,0,131,1048.0
55575a1bfa43a48356c22fdd87c49d81,E,130,0,130,390.0
5af940d6d9514fcaa01e190d070c1f47,A,130,0,130,780.0
916f78f5d6c3aa3fc7afd67f51cf4193,A,130,0,130,780.0
a2368e759363371c591c3703e4a5083f,A,130,0,130,850.9
ca00b424cf993b1fc5fa4c80b650f72e,E,130,0,130,130.0
133c13ea19fc69d069bec645616b6765,E,129,0,129,645.0
167d0dd015bb3020600d162d1f315a9f,A,129,0,129,1032.0
234ff1ab2efa6bb30d4af03ac02d8449,A,129,0,129,645.0
24f638c65ab973825c284ab1c0dc4690,A,129,0,129,774.0
27702e4a08f355698cbc2fb6e5b6e7e3,E,129,0,129,258.0
2a313b5dd3dd6755fed352dc90923ed4,A,129,0,129,1419.0
6692760aa74af6d8d28c5ddb43be4299,A,129,0,129,6708.0
71557690291154dcb57bed84180a236a,A,129,0,129,645.0
8400c8767de06bd1fa7338aa79959829,E,129,0,129,1290.0
c1023db45df67f1c9ae2f631aa5e959c,A,129,0,129,851.8
d7deb32776aea0be7df07f4498cf3ed1,A,129,0,129,1032.0
f353281f0892367b4b8cd46b3a98b8c9,A,129,0,129,1032.0
1f046332f83c2f6b8ef522781a5e67bf,E,128,0,128,1280.0
470d1422629f0fab7d00c90c9249c909,A,128,0,128,10240.0
a0f9ff004bff500fa83ec1f6570f8d94,E,128,0,128,128.0
5ad1208f2d6a8a60327bd49f96793a53,A,127,0,127,635.0
bcd28bccc3449713635f6d89d5769df4,A,127,0,127,635.0
d8786deeba43081b65c3f4bbcc6dc63e,A,127,0,127,775.9
0aa6254d6a8e6f185cc8f09c380eb57c,A,126,0,126,1008.0
3cb143dc6025329c739911f34621b2ac,A,126,0,126,135.1
71d9a9ad2319694962cb0ad28f41b0c7,A,126,0,126,630.0
b119566784990e09f8edfb087748fd17,A,126,0,126,756.0
2486e546e0e2bd6e736d4d0ef20582ce,A,125,0,125,1250.0
5a27e69bb15a8b77ffc73a3e4406df90,A,125,0,125,2500.0
655d2bb5f5e2e4ab7720c0f83b8528f4,A,125,0,125,375.0
bb643a1f0ffc46e1c2745d5080f703e1,E,125,0,125,750.0
d9f5eccae7e367729d25cf848b917e78,A,125,0,125,1135.2
00c5dde2806ead099600b72a47bf4ac4,A,124,0,124,680.8
0e1e95fc3b426a466849e91d1764de23,A,124,0,124,889.0
76e6a2de494fcc9d4c800c7c3c25c898,A,124,0,124,2898.4
bf6dba1ce0a53ec28c2d73733bfb6707,E,124,0,124,1240.0
cba66f8aa27a46643a15a79af6eaf3ec,A,124,0,124,3347.4
14d3d916220baa470f3f312f6fcdb873,A,123,0,123,369.0
3046cb0ef23c275cc0607f0c995774b6,D,123,0,123,0.0
506c52def2896306f1c21d799e7ca1d3,A,123,0,123,615.0
6922ee11713104d5e72c41cfb27687a2,E,123,0,123,369.0
93a4242e2fa69ddf7f99bac91d407d0a,B,123,0,123,615.0
ac0729798c601eb41adb3d53ad4b4b6b,D,123,0,123,0.0
ece8db185f60724be478b078aeccd92d,A,123,0,123,738.0
f64710c9dff06c2c40ee1413082ac0a4,D,123,0,123,0.0
2bc8a6b3ab896997b35281a9cf64a0a7,A,122,0,122,366.0
54495cd1ee2fc03255f899709a9b8be0,A,122,0,122,976.0
974e54f3973b1858c3b0e4ff706004c7,A,122,0,122,488.0
98d217932a1769e79c1bd3287502559d,E,122,0,122,976.0
c6fd4011f5f482dd853890b07dbdb1cd,A,122,0,122,2684.0
d691e6b117a0fa7b7b6197016eb0d05d,A,121,0,121,1210.0
e77f9f627b81afdedd636e85d089b2ee,E,121,0,121,1210.0
3418fe9831d53707720238dae0b65ba5,A,120,0,120,720.0
418338e26a345fb1481e259901fbd4f3,A,120,0,120,9600.0
c8ab9a7fcd8f021381de8f41294e2bcb,E,120,0,120,1200.0
ce8e1c9691c1de7f36f3653e927621a5,E,120,0,120,360.0
e82c052686442534cb185de59b10def3,A,120,0,120,960.0
f6454b167b64ff44069a1a386625e02b,A,120,0,120,960.0
32c4d6601cf05999025309cd42ba0129,A,119,0,119,2142.0
350eb8cd29b2f98aee1fae10a72648e9,E,119,0,119,238.0
3a286ff9802caede67a01ceea864b461,E,119,0,119,238.0
44a21885ddf959304c58e50ee40497b8,E,119,0,119,595.0
45d67dd4a88206f9fabb79c22652f472,A,119,0,119,3332.0
5cf656d59abae34d0f91d3ceb63757f2,A,119,0,119,658.6
66fa31283dd713f273e12eb795ec2879,E,119,0,119,238.0
2db6ac6c38bd4ab5a8f877d7d4402db7,A,118,0,118,590.0
31f8d364f6c5fde8523570550945c40d,E,118,0,118,1180.0
36f2f730cb76c01c089a3dc4f29e6612,A,118,0,118,4838.0
413f3c12073771505e84e796f78582b4,E,118,0,118,354.0
640bb54dceb601281e360b137de0b403,A,118,0,118,613.2
6b23b71d133aae30d80d841f38d429d4,A,118,0,118,661.3
7053be199227b0694c6675393d27f42d,A,118,0,118,1652.0
83734bd9aabf7719b6f2b437017a6ca7,A,118,0,118,354.0
84ac8decbcd4dab219bf5cafc7cc385b,A,118,0,118,590.0
8d2f2dcb98f393dadba804ccb6db0fe3,A,118,0,118,748.0
c5ae04886afa06b9ad5516fd5fd707e6,A,118,0,118,1180.0
1d49e37906baf961bf789e3292e3e7ec,A,117,0,117,702.0
3b9ac4c38cad35fd18a657158bd261c8,A,117,0,117,936.0
7f850a0404a3c19f193802947ea7a183,B,117,0,117,585.0
9209daa62da69f6aff163a3fa6b1927f,A,117,0,117,351.0
bf9b1bddee6167711d0568a916314f05,A,117,0,117,936.0
d95d62c878d6259573dc7a9f59eae68d,D,117,0,117,0.0
2eb7965c3a29fba4d8c67697b3daa2b2,A,116,0,116,696.0
72947afdf38be0fef3958517b44f7e21,A,116,0,116,1624.0
aeef1e60dd31eb037c9419f27833b97e,D,116,0,116,0.0
d5263369d1b9fbdf0ef70cf2a5a64b02,A,116,0,116,696.0
0e5b603b1d58c867216d1928f11c8b3e,A,115,0,115,512.0
6876f4ba0ed0c5a458a9bf80d4e69c1f,E,115,0,115,575.0
6b0291643a330c8995aad3c2dcb5a193,A,115,0,115,385.3
756cbcd106a8af1399d90bfc04495802,B,115,0,115,5750.0
9e6618374fbe8fab6b5e0136b567d084,E,115,0,115,230.0
ac56e4de9a911539a354e13d00f2d623,A,115,0,115,920.0
cb898cb7d00ae81f0d2cb429f42aedae,E,115,0,115,1150.0
d474ee062342922debb3efbee3b39298,A,115,0,115,690.0
5ab46d61f63be77153683144facf0b14,A,114,0,114,684.0
c9e8c2fa5cc6babf4e6c8a2e83361fe1,E,114,0,114,1140.0
e7c0bf49fb42f37451ddd0d82987f1b9,A,114,0,114,684.0
0b6082fc5d042ed1df54e6bafdf5a9dc,A,113,0,113,904.0
782aa9749c52da884ed859ff09f29a5c,A,113,0,113,565.0
82c2a16965d58587e3a4bb8a65750d08,E,113,0,113,339.0
8653355317a348807738ccf717d58548,A,113,0,113,565.0
a89f69cc7fdf3e50037d6499745c363f,A,113,0,113,4859.0
d234567cae9f2345181504bb84cddc01,A,113,0,113,904.0
2ac4328df59d44eda9272028481032f8,A,112,0,112,560.0
43f46d56385e8cee004c31431ca275fc,A,112,0,112,713.0
48924e0a7c6fe7449d87c46def7b1f78,A,112,0,112,891.0
7acc75b97b6fb089a6aa6728286e9cc9,A,112,0,112,672.0
81e42c0a5e4f3a8d536eb40b3ac50183,A,112,0,112,1120.0
98844f6312c78d530a582e22db4100a8,A,112,0,112,784.0
c4a717732a5a005c18aea8357629879b,A,112,0,112,560.0
cf7fc97b01fb73eeb01a03cabec3aff9,A,112,0,112,560.0
e35b63f5b448343bd22a651c18924f24,A,112,0,112,589.2
0c85b68a778468072010647379fde85f,A,111,0,111,628.0
51138d354358615a3894db75d437bd69,A,111,0,111,1332.0
606d6c8768824f2b13df9bf6ebc88e0c,E,111,0,111,222.0
72f33175151a58013db04549985261c2,A,111,0,111,555.0
b71ce2517061d5c8c214ec2488f8e761,A,111,0,111,888.0
e8498d71ee26c564d04e42a4020ca999,A,111,0,111,1332.0
fdb13b738e2e5ca3f940dce6148d6fe2,A,111,0,111,666.0
03f9556ca79c153e32672cba46d0d396,A,110,0,110,770.0
0f3fa8a132fb1ca42cf3496b26b1013a,E,110,0,110,1100.0
33633c7d6174b5883752cf98b712ef49,E,110,0,110,1760.0
45a04614c575331829df46d145c4bc4d,E,110,0,110,1650.0
4fc5ecb9dbd06359ed368e30c38972ff,A,110,0,110,770.0
658611664109b26478b63825ac698431,A,110,0,110,550.0
6dd018f9cfed899c2589bb214ce98a67,A,110,0,110,770.0
6f1c484ed93962641d57ac2fb7054406,A,110,0,110,1980.0
70b9a250694bcd701d37a2189b9c8289,E,110,0,110,1650.0
8341f41af4ce99189ae7b6f6390f55b0,A,110,0,110,660.0
8f176754401cda515b0c4dc13561ba1f,E,110,0,110,1650.0
906c84a73fcb27471df939e461db9e56,E,110,0,110,880.0
b1ec78d77e3a71d9250b8f5e7937e6c2,E,110,0,110,1100.0
bc0965a14cff2844a876ce0144a1167b,E,110,0,110,330.0
cbedaa8936ac777999dd10f806a0addd,A,110,0,110,550.0
d800878c3390da4ec96f7a5aab1c51ca,E,110,0,110,1760.0
f254f16746b27000f2e7cb4d9572533f,A,110,0,110,660.0
71e1d743e1f8299a0d1b97d7038402a4,E,109,0,109,1090.0
aa715d2dbe10f9f0ccdcd6e1f7623245,D,109,0,109,0.0
b137a689f3a026e5c16d726ab0c736f2,E,109,0,109,218.0
09d49cf0b9561208c07d05b0b0cda291,A,108,0,108,324.0
0a2d45d6c6ae872f0b6c70fdb6d5d6fe,A,108,0,108,540.0
106b47f64dc24e620929b450827fc878,E,108,0,108,540.0
31b2d61d4a2bad78c11d29bec3e6df03,A,108,0,108,648.0
670f3e5077d7a998c839daeb7ecb8376,A,108,0,108,2160.0
d6d0294a23e6047e89250235a1499ce9,A,108,0,108,688.0
e15ee58cc907781e379b78d563173d0d,A,108,0,108,678.0
05cdcb9152eeb0346ac83a81e0bf9d01,E,107,0,107,535.0
1325c90b3f29279fa0368f9693099190,A,107,0,107,2140.0
33978c1e6516ea1394b04bb85d17e935,A,107,0,107,1177.0
424fab36742b5cf007a4b1df90f0682d,A,107,0,107,642.0
5cf506984f0eb5cc71c6b92251b8b009,D,107,0,107,0.0
716f508bd8d7ffc39a90a88b1627bae4,A,107,0,107,2675.0
78d248728ac7e395feb4b70def1c9649,A,107,0,107,1144.2
953098a57d8026c90f75eeaaf0bd59c8,A,107,0,107,1165.2
9889f21cd9444f8acd2d95adb33be8c9,E,107,0,107,214.0
b4aab06c0f18f0f0fdfcb62ac399f486,A,107,0,107,535.0
b4d9f3e8a12e29db6f02d7e7c80cbb5f,A,107,0,107,1284.0
da8120baa1f51289f579be71044a2949,D,107,0,107,0.0
e6b6479bf996b45122ab75c302c80003,A,107,0,107,535.0
edbc9797c3a474e8ccfd5e68ab1a318e,A,107,0,107,856.0
f9b401bfa0a1d7380b97831d8240ea2d,A,107,0,107,321.0
13b166b5e92a8eb8ff4556b2b3482654,E,106,0,106,530.0
17b6bb9fd33ac22efe727de861024dff,A,106,0,106,530.0
21c004469afa66d810e7578e45f0097f,B,106,0,106,12720.0
43acfe31d797ad456646e254fa930068,E,106,0,106,212.0
71c59f6862f09acd59938675c2881d45,A,106,0,106,636.0
9ecf2735f2a65daaf4234191addece3b,A,106,0,106,9010.0
bcb3514fecf0d3aaff645fdc0120086b,A,106,0,106,636.0
f1776cd8749f308f8c3e97791789f196,A,106,0,106,636.0
47cd4a4ff41ae20d4592488bdfd64cc1,B,105,0,105,21000.0
73afd830795d917993c6850dc26ed853,A,105,0,105,525.0
826569b211a1f6acc0d86dab28cf2cb5,A,105,0,105,630.0
84260bbdef9ef8356d1fd98062858acf,A,105,0,105,315.0
8d89a15fd3c655c045843f4f85910b8a,A,105,0,105,4105.5
9ea2e6c1094001005e8c62d2a9015497,E,105,0,105,525.0
aa7d12269f87ff0fcae0bd79ab5bbd4b,A,105,0,105,630.0
c88d74bf0bd06af25077a91a86ad4b21,E,105,0,105,1050.0
64de5b93b178269dd207b0bca7195177,E,104,0,104,520.0
69cc68f353d0216a8d0dc6c15d799cb9,A,104,0,104,832.0
860253725d9c45d4cfaa74728086d65e,A,104,0,104,616.7
96bd32ebcd9bc4103a93bd630414d9d4,A,104,0,104,1248.0
bc7e51bcf03ac96dcfdf84eec25ac3fa,A,104,0,104,1866.2
c9c75f83a92e97c211a07cbb5400cace,A,104,0,104,1040.0
cef559c38512b4300da5daf44a2b861c,A,104,0,104,624.0
e24cac78e399dc8dcf26ae2743da3cc3,D,104,0,104,0.0
e9879d457297ab749203d2dc49ac533f,E,104,0,104,520.0
eb1a493f218d1cbce80fd4529a223830,B,104,0,104,52000.0
f27cdcd1569b537f35f8524bf6486153,A,104,0,104,387.8
f68f04d93f4af1f1d415ac983f95f445,E,104,0,104,5522.4
3fe5299a1031f11148be242bab59a084,E,103,0,103,1236.0
4c332a072a6d0211642b7bf9e2fa2733,A,103,0,103,824.0
521ecba6f9748e7fed6b743a73ccfabd,E,103,0,103,206.0
74f5e42575afb9b375981e9fe85d663d,E,103,0,103,515.0
7ba11f9f5d291a3cd69cd44291f9fe56,E,103,0,103,515.0
8a19002f4da296db304ae513a30c8ef7,E,103,0,103,515.0
c887a45cd417ca4925225d00d4b1fc1e,A,103,0,103,824.0
d2aec4ddacaf1df69d435532ef26cb12,A,103,0,103,1133.0
e4c3a2f36f26b9e103564998b13d8fe4,A,103,0,103,791.0
f0c3521e63a6d5b51a8ad7520c2b51c6,E,103,0,103,1545.0
f48b6a4c6851a746069e1f186bf21e64,A,103,0,103,515.0
f8e7879932b4a5372f9fbf48c47572c2,A,103,0,103,1236.0
13a949b504127ae160ad59a646422962,E,102,0,102,1530.0
1c33366d519570e8ea48aebbc1632d87,A,102,0,102,1224.0
6d29f1cc935d014acbb65e5b2bd0b752,A,102,0,102,816.0
75cc4c25704eb08a22d1503286f31f68,E,102,0,102,204.0
862e066e0af205228900670c09e21757,A,102,0,102,204.0
91397b7794dd4b59106169e92d6ad0a4,A,102,0,102,612.0
9c470ad407e677a00cd8dab3dcdc8d08,D,102,0,102,0.0
bd5a172bb8bdd7960330648da90fd6ae,A,102,0,102,1020.0
d9da2141d05e329e8af2ba467803d86a,E,102,0,102,510.0
0be6f26cd5a5d5c38a12046ba305f600,A,101,0,101,1818.0
1bc083ded15ec6281e826991a24d36f4,E,101,0,101,202.0
26691dcd2558b9a2c6d86232dc62892e,A,101,0,101,1616.0
3beef1515eb89d52ddc8026067c1d1aa,E,101,0,101,5767.1
5e7d9298f09af5c1e952d91cf2d9d6b9,A,101,0,101,602.0
81f3a9008dd601a0d65d24c13e5ca9e6,A,101,0,101,505.0
844247851f804cea0731dac41657caa3,A,101,0,101,606.0
960196234505d52635a98478f3542a72,A,101,0,101,808.0
ac3ef0f959522515052ea072ca7433ff,E,101,0,101,202.0
b8eab177a77f8697a46f74552422d327,E,101,0,101,1212.0
ba3924055e785ecf3ca9715ede54c4f8,A,101,0,101,1919.0
c578f722cd5f86e37436c82ee333fda9,E,101,0,101,1010.0
cdb62bd09f62383e0c0c8acb1a507ce3,A,101,0,101,1515.0
e101c9ae473b1eeb13745d045d60d917,E,101,0,101,202.0
11c40a77a603621629086e441e72657c,E,100,0,100,200.0
12b00aef080b81d05529072ad8eefed7,A,100,0,100,1600.0
30d59e292f1fcd4ee15e9df3a15132cd,A,100,0,100,2000.0
49225ddd7f38a2f8457fb3a800e2c6e0,A,100,0,100,700.0
578936177deca121cb36b1716191dba6,A,100,0,100,800.0
69e47494a5b435500bc096f0fd600d26,A,100,0,100,600.0
893ec60117f3e98d8a39697435112470,A,100,0,100,500.0
8b121a50072c7779430612a67649e745,A,100,0,100,500.0
8d1e064eeb00495d6f4fd711aec38876,A,100,0,100,557.0
9436ef454060c573ed26a00235a50296,E,100,0,100,1000.0
ac1b54370209e037fadde7592d8ed29e,A,100,0,100,1100.0
c073470b486e135c321f08cfe3f6c045,A,100,0,100,800.0
c703a0846853c7db4641897d0d00bdba,A,100,0,100,3200.0
cae31693b6f11ab09d0366e2e46c4638,A,100,0,100,1000.0
daa7894da2badd95ab17eb08a9250446,A,100,0,100,600.0
fea783297def6ae932d365bb567ee819,A,100,0,100,200.0
22d0eb2d6c4ce6739d61b5c2a79f47be,A,99,0,99,0.0
23462068d51fe6abe94da7739f8786fe,A,99,0,99,475.1
334fa9de07c198b4e52c890c4900b51f,E,99,0,99,594.0
81c6fd477ee8e434ec17dc30257477b8,A,99,0,99,1782.0
8d8d2c5c6abaa5b1ec9f2b73da0578b2,A,99,0,99,792.0
951b1242ff632822be819d17ed678d83,E,99,0,99,297.0
a42ad71e3d1a7310566b7c7531374654,A,99,0,99,1782.0
ac26d3c17357361cacad7f7f4457dc64,E,99,0,99,198.0
021fce1535487d6ef321713d2b761e44,E,98,0,98,294.0
1bc0626864c5b39f6caac0ce20538fb8,A,98,0,98,588.0
309d407eac2c579309521f37f6cbda42,A,98,0,98,980.0
4083079f37d45303f276b38de20798e5,A,98,0,98,784.0
42eec71d2c9d39992c3a4d1da2984826,E,98,0,98,196.0
45641b026cf064f9a66734c4d51aa34f,A,98,0,98,588.0
506995c3dc5272bbfb3321c48ef268ff,E,98,0,98,490.0
58f3a80962e2d736fc29d4450e0712f0,A,98,0,98,620.0
71452dbcef3372bb549d6385d9566ee5,E,98,0,98,196.0
7527bfd60828198ffc5889d787d60199,A,98,0,98,588.0
7aa697621dc86b6bc707af693f19e75a,A,98,0,98,490.0
81a49d0a62a6f77718413c206d0b3d2b,A,98,0,98,784.0
ac003054ad02e352757f87e3ee96a896,E,98,0,98,490.0
ace2629aa50b21dca0ab87940b35a59f,E,98,0,98,196.0
c93324a2c83c1d57d4f2176b1873fd49,E,98,0,98,1176.0
3ebea25283d13ed75429690a7a7e0e78,A,97,0,97,485.0
9ff2d91101ca1a721f52469333f50d0a,A,97,0,97,1746.0
e3be3d3ff9e8e1abdb23cfcd0bf7f973,A,97,0,97,873.0
f9e58d3187d9200a4595cd414dd8c391,A,97,0,97,679.0
fe8e3dce1a09c20fddd72036bffb947d,A,97,0,97,776.0
0498cae30ceca924f76c2b0832c14f34,E,96,0,96,384.0
06390c096252eb2e963be6e0ad7ddf5a,E,96,0,96,480.0
27d32c8b5ec3f720d682cc35abf92cdb,A,96,0,96,960.0
2a248cec908474fd5a82a338c4dc12d8,A,96,0,96,384.0
7eff941fb12dfce8f7ee4c2df3ba7c95,E,96,0,96,480.0
b98a5d3ff55254522b7a26467116e6b5,A,96,0,96,576.0
c0525f587a28abc6816e76f006e4c7fd,A,96,0,96,960.0
fbba3a0e1760a28da770e60b06c9a2b9,A,96,0,96,480.0
3ae8aa78232e7492bbc433fd67d05789,A,95,0,95,697.5
470e08f8506a6d595f64330a9c429cd6,A,95,0,95,475.0
5038d2f78b6353e00e8c78b43df5f496,A,95,0,95,570.0
55beda5d4a172dca515cc3050b1647fd,A,95,0,95,760.0
5df0b2b01389f8f7cc0ff2fad9de54ee,A,95,0,95,7600.0
71e4b8109072cf3418d007d78e43cb19,A,95,0,95,570.0
a0d3116331de7bcf540ad1baf1cad22b,A,95,0,95,1140.0
ab2775a12cad71178ae0917ca2da24bb,B,95,0,95,28500.0
abb5f03562859b35f6ef63bb4de5771c,A,95,0,95,760.0
b6b002efdcd7b20c16246d1b76f1c378,A,95,0,95,510.7
b98596cd5816ae296f55956e491baf5d,E,95,0,95,190.0
c95da6304d33a50c62bea82a39a70662,A,95,0,95,475.0
dcd9056f39afcfd2f028984e3f20b6e6,E,95,0,95,190.0
df33827cf3deade3b5502698b80a3e7f,B,95,0,95,1900.0
f03515bd529a9f651aab802bb3c84e19,E,95,0,95,475.0
f06c2b2e730d652a7634fe5c06ecd5bd,B,95,0,95,47500.0
0f1e39968b6153e504cd2a60483440f7,B,94,0,94,4700.0
0fe64c8a23fcc6ace7f13629d41ffa40,A,94,0,94,561.0
568b94e20835b78e3bf7f9053334a0f9,A,94,0,94,564.0
5ac13e48c4a086735a9866b073083063,A,94,0,94,4700.0
6315d737c0b1d2546094cf3c9c13d246,A,94,0,94,470.0
7c28e8e3dc8e11d0bd05206ba5b8d149,A,94,0,94,1222.0
a57301e32c08774e57ad276856323423,A,94,0,94,282.0
b6cb1836c018343fae18252920f48a68,A,94,0,94,376.0
b8a9b1ea388aba70b751301aae192a0f,A,94,0,94,564.0
d9af75b8273d1343d2fc6f8fadf6bae6,A,94,0,94,524.3
ea175bb78cb391bd1fb48f9e21d89467,A,94,0,94,1692.0
06a342e5aa27cb5dc9275bf95d82f641,A,93,0,93,642.0
259a10643d94365fda342a796524f975,E,93,0,93,186.0
305eeb894a1ff5069b85951eb9a43f35,A,93,0,93,465.0
3df311ec377871f1166c5b7463456dd4,E,93,0,93,186.0
4360a6f6a4fa8c3211d89ec44bff49e4,A,93,0,93,558.0
aba0a507c7060642550a688dd1cab044,A,93,0,93,558.0
bb40a9b872c75a7090a06f97ca66e275,E,93,0,93,465.0
c90de91d12b5ebbbe4cf13ea3f1d0802,B,93,0,93,27900.0
d28e07655eb841267efc198661afd62f,B,93,0,93,1860.0
d32413a07cf1e8564ccb0dcbaa3bc20e,A,93,0,93,558.0
e0eccaea116d08c542458eca3f9bd6ca,E,93,0,93,1395.0
f5a865a529fbc5027dbfc6335a16f23b,A,93,0,93,744.0
014e5187fd8fc5f10f2eaaed22481150,A,92,0,92,6440.0
135ce8cf31aa0062490db2d1920d79bf,A,92,0,92,460.0
1b01cc4aa7da2f2cc8df37a8a19c4664,A,92,0,92,460.0
20c396e044011a251c4433697eb3667c,A,92,0,92,736.0
2246e3f1736970692c59a120ed607dab,A,92,0,92,920.0
3dc6ded94c3a3b4c6ae93b8c77b61da0,A,92,0,92,920.0
85e734c605b89a01971e1ad5151cc20d,A,92,0,92,920.0
9fde02bb92f911bd3a8d600988390b02,A,92,0,92,552.0
a575b60c0647bd95e958f8e99e83c765,E,92,0,92,184.0
e0b5c138cbecf73775356ae357afd173,A,92,0,92,552.0
1e71ec1f46b6bc30575ac5921208b261,A,91,0,91,273.0
39cf8a9b7d6f10c010e4ff281531b3ab,A,91,0,91,910.0
3e23ee3faf8f948b6f22afc6bd4d9e49,A,91,0,91,728.0
6854f65f64f1f575f2f7bb2b1dea602d,A,91,0,91,364.0
806a8e6c73b6a908865b94a5e89bf1b3,A,91,0,91,1911.0
807bdeb985da7825a181666b20119085,E,91,0,91,455.0
8fa19f62bfb2026035d07c7c2ff8464c,E,91,0,91,910.0
93461b088d89aaa12f8b888df9228403,A,91,0,91,545.0
ba93756ff901caf1da809bcd912b0c3e,A,91,0,91,364.0
c0a9f7450e51cfdd521535a266e4d64b,A,91,0,91,455.0
c5b3b18d8e6ac2f4c18ad83e3a0e2099,A,91,0,91,1820.0
c7d38cc036ed5bd51b401e0966c20a8a,A,91,0,91,546.0
c913437f738048ba4fce37ec9d1b5994,A,91,0,91,455.0
d9ac572caf20b080f3d77175f6d7b98b,A,91,0,91,455.0
e83f05151c00fb4cad22428c86f678bf,E,91,0,91,455.0
ed6715463755af8b637b990c96fe7bd2,A,91,0,91,546.0
01aee32b0ed6819e7a5943442080ec06,A,90,0,90,720.0
13d69674ac27e348aa6dafd7dbd70127,A,90,0,90,1620.0
588b7e765437344b3a62c6266e0750d9,A,90,0,90,549.0
7d42ee274e0ea730b4d7f079ef61fc75,A,90,0,90,450.0
833ad8cf3d8c8c9d9ed316b204c3c350,A,90,0,90,720.0
8c11704ba46c5c4e10402e145ff97912,A,90,0,90,1350.0
9375d7c5655d49e078ee999b6cb55141,E,90,0,90,450.0
95e18abd1a1e53b98b685786b7e6a232,A,90,0,90,450.0
9fe9de82e112cf9005997ad73625fa0d,A,90,0,90,450.0
ca2751165d7683a412e740bae34a3d6a,E,90,0,90,180.0
d062fa5f86f032ccd089dc9b5197647f,A,90,0,90,540.0
e285873a3541746d3c8f5a7317b26c19,A,90,0,90,720.0
ea06a8c78d5d28bbd5d67e65adf4bdc6,A,90,0,90,450.0
f32ab48b282b50f986807ee6c6aa70c8,A,90,0,90,450.0
0587891d0de74cc7455befdaff49bc0d,A,89,0,89,534.0
299090eda6ef6253e9b013c20c5f5d23,A,89,0,89,1958.0
5b8c1737f59f3a5ddb5c5079c7da46af,A,89,0,89,445.0
7bf9339df0b7a1ecd80e9d60d23cd3bb,A,89,0,89,535.3
c73ed097cd1ab6950240ca24d2031371,E,89,0,89,445.0
d881a5c3e231e9831d5e146e63536100,A,89,0,89,712.0
e7e0cdefcc9e00584feb370fc47fc450,A,89,0,89,6230.0
070b9a5d1f66a9b3f960dba6bed9d440,A,88,0,88,880.0
357fc70fdd3d12f112b1ea97f42987d2,A,88,0,88,6160.0
396d8f6c94c79573c8f36bc3292394c2,A,88,0,88,528.0
49b3b3a19aad478993dd5f445607f160,A,88,0,88,880.0
642c9c87b5a3492d804c69d2d396598f,A,88,0,88,1584.0
6be9160e8deb1beff2df60104b453e56,A,88,0,88,440.0
7021eb337d9e2dd3354f74c2ce49599e,E,88,0,88,176.0
80ce02ec903ae0cad441be6057aa21ea,A,88,0,88,264.0
aa20c974d1077e1a252f517ce3375fd7,A,88,0,88,440.0
b8474221d1a0ad399b4570510f630631,A,88,0,88,704.0
bd7928f63640f7464659a8c79f294024,A,88,0,88,880.0
e4edc643fb5e5c4f9f821dda3815aba3,A,88,0,88,440.0
e56b4d56b9258d0af5cd0e5896256bfb,A,88,0,88,440.0
11b9c799aa8b864ff95611d149d0e2eb,A,87,0,87,805.0
15ce72fc7b33d2d3c684cd1e7d8058fd,A,87,0,87,174.0
2526c0fe7062a69cd3997c0b1d8d64a4,A,87,0,87,522.0
37dd9304dd2fcff9f06cc578d0fec54a,A,87,0,87,435.0
56d60e605181eb7f3a1ffd5f29ada741,A,87,0,87,559.0
67bce0e4c8c4b058b3bc5f110a4fb93e,A,87,0,87,696.0
a42525f8dc196bba05aafaba421c7b9f,A,87,0,87,1525.1
be85d955282079f1eb869ccacc10eaf4,A,87,0,87,473.7
cc47c1739f74989df3136377789a6028,E,87,0,87,174.0
dff986de2b5cfad5afafb11fe324e28b,A,87,0,87,522.0
f0a178de3f680bb97f9c437b204816fe,A,87,0,87,174.0
22b473b7dfb6afb1977c3c80d39a16fb,E,86,0,86,258.0
2a90253041d48daef5035bde670ef3f5,E,86,0,86,172.0
2ded12960ebbaf0decb6901b9e71d792,A,86,0,86,688.0
31ad26775543629d4075bad402099470,A,86,0,86,551.0
3d912df8d339acece43577f0c3dd4bf9,A,86,0,86,860.0
4bce8f4ea060f7991918f02e7596eb78,A,86,0,86,860.0
523211bb5b6c544adb0f6668c8d97e38,E,86,0,86,172.0
525848cbdf373055bd959e98288d90ce,E,86,0,86,172.0
6288887839542ac52dddbdaa08ff4d56,A,86,0,86,6020.0
6be465d4b67fcddc2f0f487e1752e510,A,86,0,86,344.0
946eb13c6df87f7cb543cef6b6556d98,E,86,0,86,430.0
b46b8ecaf8be2981fd8ce34240b49f53,E,86,0,86,258.0
c13b8892e25c7b8bf55e42b525534dc3,A,86,0,86,4300.0
cae6f63a6121a3b8cc3f44472fb85376,A,86,0,86,516.0
04a2cb350f408fe5c6d7e93cbf8d0696,A,85,0,85,170.0
1b073267793abb182f20223031d6aa37,E,85,0,85,4428.5
3c102e93dae3bcfe0f3f3370d694a1e1,A,85,0,85,1020.0
a72baf0cd0ed0012ab268bab9cca5323,A,85,0,85,425.0
dbd9660ed0ea8e2c5067ff92b337b1b5,A,85,0,85,539.0
14608b6b9e732826402827a173896f66,A,84,0,84,5880.0
28d96122d97dbdfe80ec78cdac71bd40,A,84,0,84,5880.0
3516854df8d88b7cae2ffe13d38bc482,A,84,0,84,5880.0
384d2154b85781ed20def9ce360b72cc,A,84,0,84,4200.0
3b78afacce251928c9feb677e2af4518,E,84,0,84,4796.4
4cc4aa00143ca6505cc9b3d18c815a8b,A,84,0,84,252.0
54263f0fda17deac70c59fe8e00ab026,B,84,0,84,840.0
604313967acca2e71784f7a41b81cda3,A,84,0,84,5880.0
6d93d1990c4c56b4f0c843918dd6a370,A,84,0,84,1512.0
71eda8cc7fa433a764ec2d9b8c14504b,D,84,0,84,0.0
800a0e519c1d102e1cb00b0e6606c44c,E,84,0,84,4376.4
8c645314339d493dd923d47ad5bc350a,A,84,0,84,672.0
d27deaf4207ea17e2159dc9de7d68807,A,84,0,84,756.0
de7ecbf9141807af431d318f9429889a,A,84,0,84,1764.0
04ed75da3bf665493c31961acc1274a3,A,83,0,83,1992.0
05a270815661fb81687973efbd67ec28,A,83,0,83,830.0
1276d7278fbd401a60cb07b0c7fc2f33,A,83,0,83,830.0
253e07ecc65325b1fa0b5770829c4f07,A,83,0,83,83.0
458a093262d1eb8db0f59257db743742,A,83,0,83,4150.0
4c91072bee9f2536d350d28eb66a360b,A,83,0,83,332.0
54711d9b36bab15375c8164de76bb851,E,83,0,83,166.0
611665b583451e2676486b16bc29e03e,E,83,0,83,166.0
753410cf6dc2fbd083555f817c4e98e6,A,83,0,83,1707.2
79afec2a0de211a32f218142884d31f0,A,83,0,83,415.0
85d435f46c3aebe0a78d600d4d93cf32,A,83,0,83,498.0
a4de27613b579c5d4a4d9ae4983c8bc3,A,83,0,83,830.0
a93ce86c0c669fdb560535dfcdf37b98,A,83,0,83,2573.0
d66b448e37742340c085b1280a1f7bb5,A,83,0,83,166.0
db34e6a77ec260a0f1ad9cf93c4d2bdb,E,83,0,83,498.0
de5261f924262402a5d96662735ba6bd,E,83,0,83,830.0
e8456e78efac07355e498f6e17db89a6,A,83,0,83,5810.0
062e014bc469fe58999792912c44b759,A,82,0,82,5740.0
18fa005a6e6dedf8b27b84e8d8310be0,A,82,0,82,524.0
1dfb1252e5950a80aa57053464c7315b,A,82,0,82,656.0
4859ca7ed2b5cef65b68c01a4c17199e,A,82,0,82,164.0
54100f5416bca396aa3a97a3cf513265,D,82,0,82,0.0
612d7110a8692c53ea67885fe768556e,B,82,0,82,6560.0
6bce455d6015986880104f8227b8ce78,A,82,0,82,5740.0
71e80a680255d8bb3383d84138673717,A,82,0,82,492.0
76b5edf1fd57dd30682e4dab70e9b851,A,82,0,82,752.4
8af98a0afb43c62819feb90782e5a731,A,82,0,82,435.9
8dd7d3ab81fa282501dc96f19bb10614,A,82,0,82,984.0
93d3fe4ad6c87132c86004d07aee26d7,B,82,0,82,41000.0
9d4d0fc0d61b6ef4ba2e800a9091b75d,B,82,0,82,1230.0
f0b17d019b978da45c6c2caf0b011a23,A,82,0,82,574.0
02878e505e3e488021bf6b5536379a58,A,81,0,81,1620.0
292d845b32f9d4cf6debfb8c04e0e986,A,81,0,81,686.2
29d81140ffe40c4af3021158148b446a,A,81,0,81,486.0
571e3f6d9f00d07db142c44e77a7f80f,A,81,0,81,486.0
64070471478d5eb83f27ca630f99b459,A,81,0,81,648.0
7b7bcd2e3824464f2e8d13410bb52afd,A,81,0,81,162.0
8ee61c3447fe1e8353ce721c5614813d,A,81,0,81,648.0
96cb364c170a53395af220986e7cc89d,A,81,0,81,486.0
a5c27baaff47ebb0e12b4227799e8500,A,81,0,81,810.0
e12ac4e12ce0b303f690e065afaebcf1,A,81,0,81,5670.0
e7bcdb08b03bea83fa41574c36716df4,A,81,0,81,486.0
ea8c4942b6ba7a7ae6a1a1e68c3d8a89,A,81,0,81,1377.0
197ec77b4f992f90571e60327a77328a,A,80,0,80,240.0
1cdfade5a96ab5d2398649a8f3df3bf0,A,80,0,80,5600.0
32cebc789e7c53b96f1361ffafc78e13,A,80,0,80,640.0
4327ea02dff3971a3a13e375cfcb9ad2,E,80,0,80,800.0
597457e0df15951bfc9ea8554e8cd522,A,80,0,80,960.0
5e8230e8784a9ce4fa1410f13ccde626,A,80,0,80,400.0
71ef304b652381877e64087fdb0ab3d9,E,80,0,80,1200.0
73ae08778d78f7d52b9624071a60cab1,A,80,0,80,5600.0
7560e15a45b68855fe89d7b477dd5048,A,80,0,80,640.0
75b8e804d6319a56db72def96e5b4446,A,80,0,80,4000.0
b7cc1ca267cbefacab4b2b506fce415d,A,80,0,80,800.0
ba25ad13a439aaa7a6f0a891e3a72332,E,80,0,80,160.0
c11e2d5db3e87a4d50025fabe6ff8d8f,A,80,0,80,5600.0
e089ce34e789144bf805108eeb35a219,E,80,0,80,160.0
e35797cff6fd1dd39541ed1cd3ed98d1,A,80,0,80,4000.0
fb50ca0b9070d89dec37223c0c8e8c6d,E,80,0,80,240.0
01f2a43623ba3d2e0c985b9c88d45a72,E,79,0,79,790.0
049009b15b399943eb25229cf74f8f32,A,79,0,79,395.0
099f3cefe2965d722bdb53d21e823754,E,79,0,79,158.0
19a52b9ed6cb705e29fd533ed683c63f,A,79,0,79,632.0
1d13b7e867d3b182e47f3ca78305831f,A,79,0,79,462.4
1d1a704f7025da810547369ec483b40c,E,79,0,79,237.0
22ed8451a765ddd4aedb946b86bedf3b,A,79,0,79,1659.0
3e24087f07589fd616519bcd64afa6dc,A,79,0,79,474.0
42106d72a1fdb186303e13a372b36bbf,E,79,0,79,158.0
5cd547159e31e7e0ab487e08ba99036b,E,79,0,79,158.0
66dea477c5d99411be83161f40577a2a,A,79,0,79,237.0
678fec09b38c8b3beb5a5d8f531c5519,A,79,0,79,395.0
742c18c80efae010063561ec586f335f,A,79,0,79,790.0
7d5331165cbe4c49302480cdbf185df1,A,79,0,79,790.0
7db05fcdffde2655ef8cb05846c19ae7,A,79,0,79,790.0
8256943e5084629d528da5d45786003a,A,79,0,79,395.0
888a63dfdc65e6d9a2b752b35d456f6f,A,79,0,79,436.9
ae68698246cfa09f8e264fe71ffb116e,A,79,0,79,790.0
b74576c5c9ae493750370ada6e615587,A,79,0,79,553.0
c18ecaeb852e0932bd255b9d3c25deb4,E,79,0,79,395.0
e665a39f11f6988826cdb79674f922c7,A,79,0,79,237.0
01c3f61ad2cc00aae837057a3c5e5c40,A,78,0,78,477.0
08f98c16ad6bb498b6803fc1a616acfe,A,78,0,78,1170.0
0d79fb7ec609764cc65809eecd96f6a0,E,78,0,78,936.0
1d928c5564f10dcff68b7d811c843dfd,A,78,0,78,1404.0
2c819fd7bfb9271d58c74dfaf179a5e4,A,78,0,78,858.0
2d239f62ee1ed345678168ebca31a7f6,E,78,0,78,1092.0
40c2d5a198674bfbe9b77730665618f4,B,78,0,78,11700.0
45551f4c29881972ae5ed3666a5b1b8b,E,78,0,78,936.0
592cdb6efe3c9ea80fe3858bb7dc0e31,E,78,0,78,1170.0
6366ab8e865d3049131dc2dee43dd9bb,E,78,0,78,780.0
717ae35f80ad298238e0ce68ed6336f1,D,78,0,78,0.0
7512d9484b058d0031753071be97d63b,A,78,0,78,3900.0
7e96e7722fa5049a43f90316ec618e63,A,78,0,78,369.3
8a97ccca30131457e1bf15801034f498,B,78,0,78,11700.0
9e268b1d0daf03784dc61218b7ec4920,A,78,0,78,5460.0
a3f4f3a1da0f33d31cb42afc0dcec235,E,78,0,78,1248.0
b0bfb2d8ed2ed295c7354d304ad369f1,E,78,0,78,390.0
b5cdb1a01b5604c92a8c5369d9b5f767,D,78,0,78,0.0
b7240358f58c2d639acd1d86d39b5152,B,78,0,78,11700.0
b8660d30bd6b4e759ff1e7f5046d7a59,A,78,0,78,234.0
c59797484d1e3fbb11ca99b364ccebb1,E,78,0,78,156.0
c60263bb6cc7a9bcff61d9403a857561,A,78,0,78,7020.0
cacd7ba7e12f11147132a1a7bd7f3664,E,78,0,78,624.0
cdde5143d1df03d119434c3b74c39b1c,A,78,0,78,390.0
d026ea30924fb9dd108092d6a365c1c6,B,78,0,78,9360.0
d37c521336dc8e8d9dcdce0e6f3578a6,A,78,0,78,390.0
d3c32649868bafd97b4b956dcec778dc,E,78,0,78,780.0
e339d6ec720bd4e9aaea187d281278b9,E,78,0,78,1248.0
e3f6be52a88a876929d06a178771cf6f,A,78,0,78,936.0
eab12dc9598bbe189921b6519350ab56,E,78,0,78,1170.0
f0f35a15d92dbc041097b2190d3a3db7,A,78,0,78,390.0
ffd0c8e1df50e8c7fe4668feb46b3b9f,B,78,0,78,23400.0
123c5d6ad36b988ccdf849fdb679705a,E,77,0,77,231.0
439c38aa877eef9737fe94d02c070299,A,77,0,77,308.0
56d07c6ed0045a46952e2fcc5e1274c2,D,77,0,77,0.0
5d3564efeb645a3f97c92377b2f3ca28,E,77,0,77,231.0
5d9b803ed91ad8097ea1a2863acdbbb6,A,77,0,77,6930.0
62908e07665312c27dc272517bfe4eee,A,77,0,77,1617.0
7255f04223a4bbcf43bf3665cffd5069,A,77,0,77,308.0
75a8e1da4230e77b4e499f85f9740b75,E,77,0,77,154.0
7700ed7bfff14d8cb4c58b21544b0c6c,E,77,0,77,770.0
7e18454f36f5cd1928d139de02c257ee,E,77,0,77,385.0
9a806ede658c98948a1826fa3abb8dea,A,77,0,77,3850.0
9e8a47306ed39d44e627f789720b0ab5,E,77,0,77,154.0
a75190de5431f84eca53415423f22be6,A,77,0,77,385.0
b0b0b75457a7ab7729da3c057ef34ad2,A,77,0,77,497.0
b9de15ad3e30d6cbcdb20d1447e24053,A,77,0,77,385.0
c37996f277c1b7fff211702370196d32,D,77,0,77,0.0
e305225381adf268d94677dff7bd9211,E,77,0,77,231.0
e43b4aa5c562d897c2c2e52be39dd335,A,77,0,77,1386.0
11922af6dd5dfd7ee236e7da529187d1,A,76,0,76,456.0
1470447cb50f5facbee82083266c9ab4,A,76,0,76,7600.0
2cd80328a729fd05d7b44cb93a2b73a4,A,76,0,76,5320.0
4066df5e3ee11c516bbf5c85e6ce8b8f,A,76,0,76,3800.0
459575a4c8e17a934ca29a868761691a,E,76,0,76,4339.6
50ba55c95d09c5700fdc253cc66f161d,A,76,0,76,11400.0
5685fe67e2e373fea971ac3fc4999715,A,76,0,76,3800.0
5a23e690740c5599ae1a5e64a48b921e,A,76,0,76,22800.0
5b9f555928b6456bdf1b561b407f884e,A,76,0,76,1140.0
5ec401e89f9ec29b37d2570a3299a211,A,76,0,76,532.0
760c74f2efa40c1cab6841e87cf042cc,E,76,0,76,152.0
7a62ff1aad62b771035001a213d7bc45,A,76,0,76,608.0
85053310a8f29e0aee24e8d74e1ab3d3,A,76,0,76,912.0
95ec2b97621bcda133c608eb1b514003,A,76,0,76,380.0
9f847db88bd6c6717e1785b876be5388,E,76,0,76,152.0
ab6e768b51516d9fec9f86671f35ff3e,A,76,0,76,760.0
b28b1574566041b963925d26e6eadae8,A,76,0,76,152.0
c088f0fd10f86109b3a764e50af8b9b4,E,76,0,76,380.0
c78ca19cdb1441aedef5364107160c52,A,76,0,76,152.0
e32e9d6fb50ad812a741684fa9c6f57b,A,76,0,76,606.0
f6c0fee1c817b106d88f671675882584,E,76,0,76,608.0
25ddbde962edc1ca41056216186422c5,A,75,0,75,375.0
4e2949444754c7daa68a0aaefdf31d51,A,75,0,75,1725.0
4ef714fb0cb86ed028c0591259a062a3,A,75,0,75,150.0
55d48fc1f36b19134e82eeaf0ec4b587,A,75,0,75,150.0
64becc1c385b599719e8e4a8752d8ee7,A,75,0,75,450.0
92b58a7b0dd0d76f769a292022004167,A,75,0,75,6750.0
b51c7a58bd6220d9675f214b6fe43249,A,75,0,75,6750.0
b93434a5b9280102c6921dc5cfef59b4,A,75,0,75,375.0
bfcbfd13e5ef6193b18da4e51d6db37c,A,75,0,75,240.8
c217578a7319e746178c6172a0cdc65c,E,75,0,75,225.0
c5d6e8fdcf5209eb3864a0a8943b0f29,E,75,0,75,225.0
cb87948503803f8f97b5fd853afcfa6a,A,75,0,75,750.0
cf476046d346e8091393001a40a523dc,E,75,0,75,150.0
d9c30150b0f3fcd810622b83bab74e86,D,75,0,75,0.0
dd6929d3564eb95ad69dfbee8dde44fa,E,75,0,75,375.0
e07268748640138e077eaa96fa2f2d29,A,75,0,75,375.0
e9d4a3fad1fbdafa774963fbf664483e,A,75,0,75,900.0
f5dc6bd423542dabbb16168b70290a78,A,75,0,75,6750.0
07659c0a698cd0820041097cbf242c2f,A,74,0,74,740.0
0dea3b50dfacee0076181873c6538f45,E,74,0,74,370.0
0fbd43f4a95f37395b28b850dec1c18d,A,74,0,74,6290.0
1816caa64f138b7f901b6c5d75290ebe,A,74,0,74,2220.0
1981ec819ec7dc756d7f56a4f63db6d4,D,74,0,74,0.0
1f5fd5bb711407734e96ae228700dbd5,A,74,0,74,3700.0
3b154aa89f4a5fd1b9dfcf9a252165c8,A,74,0,74,370.0
5112c904f726ce77ddff7a75e6ac3125,A,74,0,74,592.0
80eb73137e7f5d75ba32c2361b275e70,A,74,0,74,6290.0
8dd831fa0fe1238f8d5181345e3ae920,A,74,0,74,444.0
96720bacdf1f9667b9529fff98156116,E,74,0,74,148.0
cdaffe759d749b2e752b228b8deea81c,A,74,0,74,444.0
d0d41c948fc54fc8a1f27063a7ad69db,A,74,0,74,222.0
d1da5589fecd06ad17fa29609cc5b25c,A,74,0,74,740.0
e6e664c0da5b7e8ed6462de5976a532d,A,74,0,74,592.0
ee6f1fa08cc9b66e39b097332de9d018,E,74,0,74,148.0
f210cfa63a8309714f08141e0a7fdc8a,A,74,0,74,476.0
049bd443b0b5b26ea94559c15ba5bd79,A,73,0,73,949.0
0c360a193e5d858b75c12e9a3e52d3f7,E,73,0,73,730.0
1227fdb1ec509fbcc4e7bb7dc71c0ad3,E,73,0,73,584.0
171d5f4f8bfa8b9a416757c4dddb4377,E,73,0,73,657.0
1a16e5bbf09b29715d1e99fe15276d43,A,73,0,73,1460.0
1b516fbad59bff2cc6804d9cc94d1cda,E,73,0,73,1095.0
1f5f6b8a77016b574bf655ee5b67b727,A,73,0,73,803.0
2bce66e2bfb3898d431aefb26791fcd7,A,73,0,73,668.6
2ef1904baa3f0e4f30981377ba574664,A,73,0,73,213.7
2fdbb69a7b5fed785de365965aa88edd,A,73,0,73,584.0
34b6df133268783f3ea1c9626c9134fb,E,73,0,73,365.0
37f81f42a8ac7d8b85836a22d542d287,E,73,0,73,1168.0
3cc11a3c1900b520d3c3ba4181a99114,A,73,0,73,438.0
3f84e9c63f2677146387615b9a063ec9,A,73,0,73,730.0
448f62590c4284927673979be9e96cf3,A,73,0,73,730.0
488c09b0dc7e0ad2092112b57e193cf3,A,73,0,73,229.9
4d9e146e336f96e001086a5870b3e48c,A,73,0,73,584.0
4f35ffc581dfecea4db9e25f27d17cd9,E,73,0,73,1168.0
517d2cc21845787cbf2c6ff27c21cd8e,E,73,0,73,1022.0
5294ae3a8c85a9a55725b3eda8eb0720,B,73,0,73,6132.0
59729c68365c73ac8dd2995a3e13429d,A,73,0,73,876.0
65a755dc3703ab00308c31059fd8ec3b,A,73,0,73,146.0
66db10859daca01ce8d8105adb15d8f8,E,73,0,73,584.0
75240bb11ab3513d4c61152a86872188,A,73,0,73,730.0
7b300a5f9145bd0cd20bf52a62176996,A,73,0,73,441.4
7f8a87ae760dccdad876356e7ef781c9,A,73,0,73,1533.0
87c2dfc3b5232384b24e7b545ab34b5f,A,73,0,73,6570.0
8b4b3bdec3ce8a49dfbf16303cd6942b,A,73,0,73,582.0
8b5b0168384f384c147ddc483af13b51,E,73,0,73,730.0
8c4c594acb6aa2bd41dc1a45557eab2d,A,73,0,73,177.7
9cb5f0eb5847f6429814302ac753839d,E,73,0,73,1095.0
a8b8290d776a5db8973bbf69ff27d54c,E,73,0,73,730.0
c071cc7e8eae225bfd7129150702f360,A,73,0,73,365.0
ccb7b7e371cb0da1c6e5b4283f46ab84,B,73,0,73,4380.0
da513d4cf4bb149935cea4a22ffac0bb,E,73,0,73,584.0
e4c8ca9a3fc54e1d0e6dd2bc8c7ae46b,B,73,0,73,4380.0
f0e380b19860be90a67de7cf7a0e85a8,E,73,0,73,146.0
f8be25b70ab2b5830d4abdfd10fe9721,E,73,0,73,1095.0
fcd132fc7b312f6127bd96840b7f3ae4,A,73,0,73,438.0
0f372d84a8d69382016ce5c2a7c86b84,A,72,0,72,792.0
0f48a7d60acdb5735723900353585e7a,A,72,0,72,1008.0
0f5e3302fc91b31fca3a1dc377f08d9c,A,72,0,72,864.0
1b61f410ac1ae25ca58438d0d55166dc,A,72,0,72,431.3
2972854ecdfa0c8a37b37bed1d26e3df,A,72,0,72,432.0
2edaf8ac44b17d1da700fc9d4d18116c,A,72,0,72,432.0
30e47f5232794bb98759c52e87bdb642,A,72,0,72,576.0
349e8358ef7e5133363e9078d528fa6b,A,72,0,72,720.0
38ee6a1e32fb38c76d0d621f8a11cbd7,E,72,0,72,216.0
45b65dea63e5b33bd1ceb5e58559a126,A,72,0,72,720.0
495a031f9bf5a4489c1470e70762f09b,D,72,0,72,0.0
4df974b5dba34159e6a31c37979e5e12,D,72,0,72,0.0
596b645ef588573b7c1895c265c011de,E,72,0,72,360.0
61be01d1da27a4a8e333d76fd50660cf,E,72,0,72,144.0
88ae05aa3ca28a200ccf583fbfd7c161,A,72,0,72,437.0
940b3a3936f3c1d71e916d902d0176c7,E,72,0,72,72.0
9e984d4268f50c0c5deab409c231f00e,E,72,0,72,144.0
a595068a0d82000951ab8eb212dd55ff,A,72,0,72,360.0
a6054c4900e6f72d0fff45b161b05c90,A,72,0,72,576.0
aae742073dd9e5f1bebd4b8c8ada2cef,A,72,0,72,3600.0
b2aac43ff5c1df340b9c34695242d694,D,72,0,72,0.0
cb0fd8cd3b067b643d7490f8c530e3da,A,72,0,72,575.0
d1c6edf460701976c172357533193fca,E,72,0,72,720.0
d918316321a72d5b4ffc3e95cf7a1dee,A,72,0,72,360.0
e4269693dc214bf10d6ab573f5ba5f7c,A,72,0,72,2376.0
eb777e8677ee384954699fd317baaf8a,E,72,0,72,360.0
f6c2efeddcb51129ad79e4d8fe658996,A,72,0,72,720.0
fb4e5ed0c863f796c6bf601d48fb82df,A,72,0,72,360.0
fec55d91c79df6c51c3557ae53bb4b91,A,72,0,72,1512.0
0356dc8ca02dd5ff28e069db5f081bbf,A,71,0,71,4970.0
155e7143ecf1bf5c2ec952ecd59c5759,A,71,0,71,1420.0
1955fbc912de0f8dbe78973bc0d638e9,B,71,0,71,9940.0
19b473ba95b7872de4969693606740a3,E,71,0,71,355.0
37593d440b608499ff3fc228a18b087c,A,71,0,71,142.0
3beddd2fe594e800ef4cf991c7b44514,A,71,0,71,6390.0
3ee9d1f4246d55e1bf4fcc23f7c5ac10,E,71,0,71,142.0
4ec94ad2baee74e5a00a9531f615e298,A,71,0,71,3550.0
58ef0f4de523b0d949bead73fb027a7d,A,71,0,71,1136.0
6ff1aaec59bc675570aac867ae9adf9c,A,71,0,71,3550.0
7970d579d6381cef853adec7884eb2cf,A,71,0,71,382.0
a612797d6f076bd3d067352d3bad9799,E,71,0,71,355.0
b47216d4dd24f7089b95447fbc16252a,A,71,0,71,142.0
b603b99b1030feec7e8ed2fad608dc06,B,71,0,71,1420.0
bcb45c9995f9c076b47901224449fb6c,A,71,0,71,710.0
bdc589fef5eee6836eb5e853862049b3,A,71,0,71,1420.0
c4223231906d5548102780513ac22e61,D,71,0,71,0.0
c43fd39a25f36612c4f76216880e7120,A,71,0,71,12780.0
cda63b01ce89695ead09d6b1b9f40563,A,71,0,71,213.0
d1e2b33621928f10880a2c385f284cef,A,71,0,71,710.0
d414473a7c6d23c8e040a371d783f6ea,A,71,0,71,852.0
dc4efa98123e3ce7c88f86afaf99750a,A,71,0,71,340.0
e7313f275b191f6e76dfc4d995540421,A,71,0,71,355.0
f93d012ed771b84d5d98c07141c984ca,A,71,0,71,426.0
fc80088e4d37d4ca60158963a487432e,E,71,0,71,710.0
11dde8a9d05dd62ea28be3c0e780c3c3,A,70,0,70,560.0
3186a2e5e91124c9021effe4344433c7,E,70,0,70,210.0
349ead8c3382832df25cf3ae70ecad81,A,70,0,70,700.0
486a5b524ecf31d27fe771a5e44bf3d8,A,70,0,70,700.0
5b0e49b1ed8dec569a716f570d48bfd6,E,70,0,70,350.0
5ef20c0968e293aab8b051add37b4cd4,B,70,0,70,35000.0
6782041f27dcc3a6dbeb3ca1e640840a,D,70,0,70,0.0
691ffd647b6be5b98ab86f1f9c781f8b,A,70,0,70,420.0
81f24cb548396272b0cf6bb69f0ab30c,E,70,0,70,350.0
8bade504e80f2a78ebfde3560da35cf8,A,70,0,70,420.0
959e029e9ea0fba6159b75747313cbbb,E,70,0,70,140.0
9b6f93c909190b1bbd2f0f6fe168f17e,A,70,0,70,210.0
9ba942f92d3326d9eced062840ae6e8e,A,70,0,70,7000.0
b2239ef7d365d5b9b83b425b0b37de21,D,70,0,70,0.0
b2cf7139e8dfc74b8a78b3c350b26b40,A,70,0,70,350.0
b4efa10735c67ed323a2f414c58d2740,A,70,0,70,1260.0
bf20c2b81878797ecd12291bcc94d8e6,A,70,0,70,28000.0
c1e18b4d5496d0008b64766c7f07d077,A,70,0,70,525.0
e54c0a9b6d23cc2fc91198239c943bc2,A,70,0,70,3500.0
e9e3300ea6dcf93f6b58e921fa87067a,A,70,0,70,514.0
01b0dce72e374bdd77ec1351f3e17b01,A,69,0,69,207.0
1576c0d004520541c8753b1ca1a38173,A,69,0,69,345.0
1b473b16a0c304b8376bbf09eefde16e,E,69,0,69,138.0
1da369a33561c133fb67a657c778bd60,A,69,0,69,690.0
267798a6412b54a00950ec280f15c01e,E,69,0,69,138.0
2b4770c1cef54bb1f40762ebf779418c,A,69,0,69,828.0
33a7215f9f6f7d44d596f568d25c777f,E,69,0,69,345.0
33f8b20e3a3baf585a7a1468177ce99e,A,69,0,69,428.0
477ea033804dd16aec35cc49c08598d7,E,69,0,69,207.0
509a8130c69ae4799a9e17d3cbab5bd4,E,69,0,69,1035.0
5e15f5e0232ae7d60d3cfc327e0ebfd7,A,69,0,69,345.0
696205256594575a96556a93216662f5,A,69,0,69,1380.0
74ebc991e9981d9dfd02a1f38a42d2e2,D,69,0,69,0.0
77ee75c848bb8d11f3d8cd47bfc257b7,A,69,0,69,345.0
8364597cad2439f67ec353d4c5ec7c78,A,69,0,69,345.0
87b4810a5cb2e95a1e31dba31eca4f15,A,69,0,69,4830.0
99cca1a68eb79c7c9dd22010a30dbce5,A,69,0,69,345.0
99fe018c9539347fee1187643e687fa5,A,69,0,69,1242.0
a7323a5f5877ddc47f4f80ff6c022e89,E,69,0,69,345.0
a7ade013f0200f529cb545f4f9a2a0e9,A,69,0,69,690.0
b63800aa70b5c4ff68fc0ab9e848f828,A,69,0,69,207.0
c4fce5a62eafc691ac2bc6f6e44eebf1,A,69,0,69,414.0
c6204aeb047de3abd5059526b228d343,A,69,0,69,4830.0
cdbd6eafe7d00fd062624e84665b21fc,A,69,0,69,690.0
e5ce2b32ff4e2d16f02544565499c613,A,69,0,69,552.0
ef849429a7f6ecfc784a323158e7dccc,A,69,0,69,207.0
f55b0ce15b46eb8cc8666c471cc6466c,E,69,0,69,690.0
f5a9b167813224e75d80e6a7cf8cd2b5,A,69,0,69,690.0
669dbe026c753c9387b0ebc0e78d28fd,A,68,0,68,447.0
7959ff553810ffa79384b4abfeb84999,A,68,0,68,1360.0
806551120440c319f5d857fb810bc743,A,68,0,68,1156.0
92cf783fc00c464ccba54e05a01fb7ec,A,68,0,68,342.7
9c8e08b338f8a0fdd44a4f1a82aeadd1,A,68,0,68,465.9
9f86fa75d07a7abf92e7f18594ae43df,A,68,0,68,1428.0
9fb77371732aa3c9f98ba03a442509ee,A,68,0,68,1496.0
d819f9c419ae084d285828c17adfc004,A,68,0,68,136.0
d8ada0778b5fa48e14510af300ad9657,A,68,0,68,204.0
dcfb41cc2d7c74bcd7ba2dc2eca9b72d,A,68,0,68,544.0
e87b6fce504e589cecfd7b5a216024ea,A,68,0,68,68.0
04cf8e3670c4c990f250b372880dca0d,A,67,0,67,1072.0
168964e28c5b5e33816334aecc9e021f,A,67,0,67,1072.0
286cb196430d4e736ae508862219233e,A,67,0,67,402.0
2d9415d99668f0d0997f9c01abcd25c4,A,67,0,67,536.0
3153811248a49e89cb7974a0711b56fb,A,67,0,67,335.0
32598339d53cb7d3c6c5c630c3c58ecb,A,67,0,67,134.0
3a90a315cd9ac8d6f01650cacb65e716,A,67,0,67,536.0
43ce11ae3bc47ec7e49d28d063c85bab,A,67,0,67,335.0
4dcda9e1296721ca1937d6bbeb419d1d,A,67,0,67,201.0
51e75de69642d46d2836bebae79500a9,A,67,0,67,1206.0
5bb9c47bba44290621e8edb7581bf8a5,A,67,0,67,536.0
77aa0387c5c0eabb8f7fe039fd8e4c9f,D,67,0,67,0.0
7adbcfb7bd65df6c6c8f04c0390cd18a,A,67,0,67,268.0
8f76aaaac10fcfe9694a8dc277557514,A,67,0,67,536.0
96527170f0700e976b085865067078d8,A,67,0,67,134.0
ac65aef1a66e3adf7034ef3aed75a141,E,67,0,67,670.0
b2996bba2e63981c0bffd8a225ec465f,A,67,0,67,469.0
b4e02f8b3e3aef074306837e311f05c0,A,67,0,67,670.0
b7281ec8bca1f1c65c1fd7aff5e7d75f,A,67,0,67,1340.0
bcf6a23090096d6540a4addcdc7b298d,E,67,0,67,670.0
c3b8a93220b6f22b3b37d12ebf7ab3b7,E,67,0,67,134.0
d2ac1586cfc2583e2a30fef0560326a3,A,67,0,67,6030.0
d7f628acfb4020615d73774cf00b6d1d,A,67,0,67,670.0
f79fc7851764fb227591f8fb46e765b4,A,67,0,67,536.0
1f490185383653639b7edfdeb3f83da7,A,66,0,66,528.0
2b831d38446e9ab710dfa9b541c07c83,A,66,0,66,1584.0
369f61d32b32fecd06615118ac033a3a,A,66,0,66,424.0
4bc986815306359cd766dc80d3b4930e,A,66,0,66,594.0
52583716d59942d8247f58271e051ac6,E,66,0,66,3438.6
5c84ffad200285d9590af26f10781963,E,66,0,66,792.0
5f6e0f70e1401a3901d191cc5162e341,B,66,0,66,6600.0
722be23cdddf56d7e587caa31f98c9cb,E,66,0,66,132.0
8480691560244ec55c3762959d00351b,A,66,0,66,351.7
8b10cc8007ab9b0ef4d40624e24d9b6f,A,66,0,66,528.0
9e77c6dd741e7b7bde3836586432f566,A,66,0,66,215.0
b580ebd227249459c228a617405742b5,A,66,0,66,66.0
ba54d3219acdcb2bf4c3fbd5e13371f4,A,66,0,66,396.0
d6f465388e5985816c56e9a4687b1074,A,66,0,66,528.0
088d120e632c43b2b3e27488d297a5d5,B,65,0,65,13000.0
0a1ed4a725cc3698804f268746b2afc6,D,65,0,65,0.0
0cc372ebefa90601cea4d79f016f6fd8,A,65,0,65,520.0
1adde6ba5ae33cd30d11860bd9e62e0a,D,65,0,65,0.0
393aaf232be324518b90ad35ec275780,A,65,0,65,6500.0
43cc6e17436a537815df5111ac9a8ae4,A,65,0,65,650.0
4a4c050827e131e3db1a09ca350542b8,D,65,0,65,0.0
5e49908ec397faa79156c4a93efd9558,A,65,0,65,2145.0
77b51d47b40c84367e6a7c7d9726891b,A,65,0,65,650.0
78403226d802a03f43cf6e206353e7c4,A,65,0,65,400.0
84109e98c1294406c993c27af1eb4ba7,E,65,0,65,780.0
a9e508672478cf189a48cb4e04d5fa3a,E,65,0,65,325.0
bca66329c59a0af0dfad2f6324f3aedd,A,65,0,65,390.0
cd34263ca5cbf3e44a03483bf4d08efc,A,65,0,65,715.0
cd8a2ff466e8d6b127b8ca22b377a6bd,A,65,0,65,910.0
d6d636f8c236d2dd0ce08efd526fc98b,A,65,0,65,9750.0
dc8a964376f9f9907d6c2986736d7068,A,65,0,65,3250.0
e1839fb21ea0da52ddb4a4cb6300af7d,D,65,0,65,0.0
e5f6f26e8374d58702e669719714defd,D,65,0,65,0.0
e95820ae93152e96dace37a49c5f537a,A,65,0,65,325.0
e9d75b0ff6f7d80bffc85459802064aa,D,65,0,65,0.0
f804f38af74c60552b48edc3088e15c0,E,65,0,65,325.0
093d13bec17b38a6c63ede8d1464c818,A,64,0,64,432.0
0c106ac5f7f96a97ad7261a125b5d89e,E,64,0,64,320.0
0f64aa777c174efb97ed6b4290607269,A,64,0,64,640.0
12107737987c6b2dd954f3144327a1fd,A,64,0,64,448.0
233b4f09a68aa986fb921947f66357b7,A,64,0,64,320.0
2a18d3409d0e3df41ad03db2e8d9cf33,A,64,0,64,384.0
2c78ff1a38d597c722f000939d4a63e9,A,64,0,64,384.0
3847015456ff5d0c5a9e39db707c70e5,A,64,0,64,704.0
4524f6a326f8dcb67801f0e0b94fb1c1,E,64,0,64,320.0
592a4aa65bb923c670da0d40a189380e,E,64,0,64,256.0
7438f0fbb72ac8fef43e4d3a88c5ee56,E,64,0,64,128.0
7c790d5bc6caedf2c60fefd0fd359926,A,64,0,64,768.0
85dd6f0bdbcef2aff59a5a3f2077ac72,A,64,0,64,414.0
93c547ec550b545c1ec6ef1636caabe0,E,64,0,64,128.0
9be3ba23545dbbda6d7459f844fd666c,E,64,0,64,128.0
a87ff9243e3c3b76462c51d7bcb55ba6,A,64,0,64,1472.0
b3a46898de47db6b4a1d0e88862922b3,E,64,0,64,320.0
b89b365b24a9d8174fec6907ea1440f6,A,64,0,64,384.0
eeef278629665e602098df001a291f92,E,64,0,64,192.0
fdbbf58de97cc688b205e2bd3f2a9ec6,E,64,0,64,128.0
0f22e8b02f2308b3fe5cf2ef941a083f,A,63,0,63,945.0
11fefb3fe929db36197adbea3c66030c,A,63,0,63,5670.0
5134149c4681b730316cc7e866f60611,A,63,0,63,385.0
5327a43b4c8b784329da9e81caee6987,E,63,0,63,189.0
53fa4ef6241469d8476952d43d4b41c7,A,63,0,63,315.0
5716f30f8bfc19a2b7798c995da6401c,E,63,0,63,189.0
5a40b4a84c1a22814fbb8d525e9ce74c,A,63,0,63,384.0
5b412966684604e7d5b38a862376c74e,A,63,0,63,371.6
5d836e3e95408e24cc42e978c366f9e0,A,63,0,63,1071.0
5f7421cf077dbdac3f98262b93d4c636,E,63,0,63,315.0
6f8e13961b18b98eaf31c1226fe998b8,D,63,0,63,0.0
7c4b5b3d179dad842f0e57aad1fffbfe,D,63,0,63,0.0
7e00060f50c5386163736f86193a67b9,A,63,0,63,378.0
80bb2e3bdbf44e3375f85f6aea9d545d,A,63,0,63,756.0
81e848b59f4c5295f10af3610c97fca3,A,63,0,63,2016.0
84d7ac8039e79827cc24e673e5a86d70,A,63,0,63,441.0
88dc4071c26c04bc070c337c526a8921,E,63,0,63,126.0
924c5172e6c6171deeb7e71654bcd8bb,A,63,0,63,315.0
94f040808dfcb935fad2d4640a307e15,A,63,0,63,63.0
9bad8f4decbb0685d089b459db8784b7,A,63,0,63,945.0
a04c194c60b55f719bf110a0dee3666b,A,63,0,63,1071.0
a85fade51f6842f7ae408d85207fca7d,A,63,0,63,567.0
aa4d2b25a21ec651d71d472258f87aad,A,63,0,63,693.0
b2bcd2e628844d8ff8463d3d37817b00,A,63,0,63,630.0
b65be06fda0c837a34c0e6be1b0d7a90,A,63,0,63,315.0
b741a3e15ae217d692b1206047788d15,E,63,0,63,126.0
bb60d7249899e3cc4a72a30eec418383,A,63,0,63,504.0
bf9b736312b3b263eda0f8af59f5086f,A,63,0,63,378.0
d9a979cef7644c6279f845e64a5bd472,A,63,0,63,126.0
da82773d233dc9c116e5573c8bdc60dc,A,63,0,63,504.0
ed176230889e941169fd9de384b27d79,A,63,0,63,402.0
fa0cad8aef70d1ed9e47d3f5439ca03e,A,63,0,63,630.0
0eae04a58d16cfe1eae6f490ab18baba,A,62,0,62,310.0
0f1677046d06fa4d5e68a157089b5ab1,A,62,0,62,1116.0
0f44579890a0daadb48d9ab00de54620,E,62,0,62,186.0
10add64b87b68cfb61d2a72243585eca,A,62,0,62,186.0
1880af24a7c53e66544839f700c85169,A,62,0,62,186.0
3430dcf4efe8aa0c418434656773a73a,E,62,0,62,124.0
3a5667997cc6cc142c3a4ee77bb50147,E,62,0,62,186.0
5207264c9355b6e7393b7fec6f5e6248,A,62,0,62,558.0
52f4e0d93d985457ad4a46e0cda1bcba,A,62,0,62,372.0
6189700c12da3fb379a400bead26169c,A,62,0,62,372.0
61c894560418f72fe91b6f3d369b0fe7,A,62,0,62,2356.0
6f1e3e9ff9a2ba933ec0c221a928ca06,A,62,0,62,434.0
7f9e5479d2ddb83275bac0e5bf0abd5e,A,62,0,62,496.0
8ad13d6c47f602cab9385d4ec2a93421,A,62,0,62,930.0
9133c9422e5756060aec702969562e4a,A,62,0,62,186.0
b891bdf92aef078e28f417c120e9e4c9,A,62,0,62,434.0
c1dd3f241f7f9e2439bda4c57ee76f1c,E,62,0,62,372.0
ca5711c3b44536e2de534bf86d742fba,E,62,0,62,124.0
d6ecfa45c0792a37ba542f413d027429,A,62,0,62,1860.0
dfb54e60335eb00303c93582b1bc619d,A,62,0,62,496.0
13318263ce3d4a102c715996e681f661,A,61,0,61,610.0
1b5e1484397918ec593999af3ec133da,E,61,0,61,305.0
1bf14c6e13fbf12b5685c235a915019e,E,61,0,61,305.0
1cadc885d67bd04f7d9561bcd1a69507,A,61,0,61,183.0
369d8993b74e8b968d00219a22c88ad3,A,61,0,61,488.0
4073cbc6145014b70eed9a5d7537e821,A,61,0,61,305.0
432bf04d2fa503f9e5cdce8df24ffcce,A,61,0,61,1098.0
4350db64547eb77af20d3aa6c871e74b,A,61,0,61,366.0
437613315567022726c0269b87cc3b3d,A,61,0,61,1159.0
67fceb99ecfd730373f5b80af618340f,A,61,0,61,122.0
720102fb355d43b6587ed56c853934c9,A,61,0,61,366.0
72370fa67e717e0a0a1c57d4202628e4,E,61,0,61,61.0
74aa17f786f6a33637f5d2073e90bde0,B,61,0,61,5124.0
74f8e4e4702fc0079419f44197d9d499,A,61,0,61,305.0
76349ee5b8e5652346950cc6e8d5709b,A,61,0,61,305.0
7e71e2b75135090ee7466ca52304832a,A,61,0,61,305.0
92dcc72f77090275ce922380cf057d88,A,61,0,61,488.0
937ee9d424f9463e9e9cf3a4e2f7a17e,A,61,0,61,915.0
a1abc49aca40d1b4da60223f91f7c678,E,61,0,61,122.0
a779420f2d39bf8e5658ef943edb4b9f,A,61,0,61,610.0
aa36bdd245b5c05b5e0d19d30131502b,E,61,0,61,122.0
e76bcc4d76397fc6821b7366a24176c2,A,61,0,61,1281.0
e818e1d55bc022839b78821d51b11101,A,61,0,61,305.0
f242ab2ee618bfce0bc6dc3d31a33740,E,61,0,61,122.0
f62260834ff07a4b65e4fba12b75b2a1,A,61,0,61,305.0
00f21a6fc06ea2a23cafb6721aba6427,A,60,0,60,1200.0
0948cbfdd2d2c78002695296a716a797,E,60,0,60,180.0
0b74dfca2a12b536f9e6cae2da1cb082,A,60,0,60,1020.0
1091319b218118c2e933f02d38d69739,A,60,0,60,720.0
3ccab9e9f83314528654e098e5bb3ea2,A,60,0,60,480.0
419dc77d7d9f3ef07dea23c798cb0d4e,A,60,0,60,480.0
45ab2af8e56644ec71217d0f697110c7,E,60,0,60,180.0
531594501acf0a30f30ed2f2e6ba8c0a,A,60,0,60,420.0
5f7d801d3a47a73727ee4eb22c3ae950,E,60,0,60,240.0
70552539139fe8971ecc13b89eca2b8e,E,60,0,60,180.0
7b1f78578aa17ebe65ef4bc76ef30313,A,60,0,60,480.0
907c85904ba9d547862eba9c02c1d871,A,60,0,60,480.0
a8c3d43a044cbb3488febe0136194e21,A,60,0,60,338.0
baca1a9a74ed2f875f11018c951f781d,E,60,0,60,120.0
c7791b58f5a9ffbfc0231d713ee44131,A,60,0,60,300.0
c9f590f5e729544e3a6bd2e819de721d,B,60,0,60,4800.0
d295c6a5fc6fa57592d7eb6722d40a56,A,60,0,60,1140.0
d8d8179c93fe7f72c9412eb802152e2e,E,60,0,60,600.0
e7b7ed3819fbdcd5760a8df09c295c18,A,60,0,60,1020.0
01c76c5fc545208b9f21502dd5a89f4c,A,59,0,59,708.0
210d36913778e9aeccf1681850667191,A,59,0,59,590.0
35bff9b5559468abc16f8cde67a810d0,A,59,0,59,354.0
46279b9ce7d65fafe519d756902c634d,A,59,0,59,295.0
4bf6c19ca3989201428daa04e0f823c2,A,59,0,59,590.0
56d4cd4782dc0c6e390a8809de842336,A,59,0,59,649.0
6600165869dd5c6aa1632fa60a375db6,D,59,0,59,0.0
6826f764806a40fd23befa2d9a3b17a9,E,59,0,59,118.0
6d9370251699d71e9f989947db78918a,A,59,0,59,472.0
93c2308ebb9a5ec9bb9ba282bf9c6936,A,59,0,59,472.0
95e331017055cb10939a877090b0403a,A,59,0,59,118.0
a6c18fcfb46fd85aaf53559d7cdca044,B,59,0,59,295.0
ac2f3ecd782e5e8fef8f7baedc9cf694,A,59,0,59,409.0
afaa997bf1289cd6ca9be41d082fbe08,A,59,0,59,590.0
b9efe19483f17e0486812389031e876b,E,59,0,59,708.0
ce68194f11ea2794555bf15b672dbb81,A,59,0,59,590.0
d71dbb07c6bd67efc5ad964ed5d94f8e,E,59,0,59,885.0
ea6bff14792a163243d74d45474a5052,E,59,0,59,354.0
f0fd7d6d54c716c4cbd77fb18724a042,E,59,0,59,118.0
f3291528557b67913734f089c5021830,A,59,0,59,1062.0
fd2909836dee5c8a933b7381ec157da7,D,59,0,59,0.0
08d17d296cb5583a20f080894e92442f,E,58,0,58,1160.0
19c29a68dbfe68edb9695b82ac8c4d01,A,58,0,58,116.0
1bcee86a667cc2db1849b33c7af0340e,A,58,0,58,290.0
24c473bc592ba279100ffde1095829a4,A,58,0,58,464.0
278834da5157d11915896864e1aba9fc,A,58,0,58,348.0
2ae40967a1a4a64a4080ea8e6f06ed7e,A,58,0,58,580.0
2dff22f857242a94ff733bceadfd2e6a,A,58,0,58,174.0
4fca5282d1a93cbcad114c365c6d29fd,A,58,0,58,1160.0
5c58f9a04435ac0cd884c7e9e16eaaf0,A,58,0,58,348.0
5f1f517b90154ea35f5c7ba124d320ae,A,58,0,58,23200.0
72934722c799c67f269cfa31e825d031,A,58,0,58,406.0
7ff553efe47123ef549a0b533b5698cb,A,58,0,58,116.0
83f338351825fc2f7457f6c5824a99a3,A,58,0,58,174.0
84c02c76c27010e03f0da54d7fd649cf,A,58,0,58,348.0
87bac61ff102290f09fa2bb1b3db59e9,A,58,0,58,363.0
87e6a50af029d0099b630088fd002841,A,58,0,58,522.0
896cabb6169d988187efa3ec93bbc1a3,A,58,0,58,10440.0
9058f540b061f29fc0db37c5014a4c24,A,58,0,58,2900.0
913975c2f972ba6bbf5ba593c68a5dc5,E,58,0,58,174.0
961a856c12c28501c08b99a6cc9f4cf0,A,58,0,58,870.0
9e3e2ea0b8f81ac6315141c7f0fb1546,A,58,0,58,464.0
a658c75def3eb7a75637811191b81d36,A,58,0,58,348.0
c3506b45c63f702cf5eca98a2230a4ea,A,58,0,58,5800.0
e7796b545e36403a9c9d82fbe3d1227c,A,58,0,58,348.0
ea9af7be608d40b7aed978a8e7df106d,A,58,0,58,406.0
f5c50485d83611b529be45bc5ecc5817,A,58,0,58,366.0
091944a2f7c0fe994af27534beec6382,A,57,0,57,342.0
1898e822f24db990c4b85840c015b982,D,57,0,57,0.0
1a9500054bc5eaaa163acff0dac63754,E,57,0,57,285.0
207c2b81fa00c04965b6898bd43d7b1b,E,57,0,57,171.0
2fe4bcea8ea98ee156f7fc86272da838,A,57,0,57,399.0
32b1c72a34a7a9ea49f9fb7ad3c111cb,A,57,0,57,1026.0
32d035cc0aac462a87ed446952f5df45,E,57,0,57,285.0
34e61a8f9adeff05d16cebfe57496753,A,57,0,57,741.0
3bc05c5b8acb28324a719b77f94627af,E,57,0,57,855.0
431bf4497abf9d6d21bb3cd710df72f6,A,57,0,57,1140.0
5a442e5dfec11a635a14f379e52d7185,A,57,0,57,114.0
63095ba1d29eb4c68c1f17058a9ae015,A,57,0,57,627.0
6422ede847a8940bc64d5088e5389456,A,57,0,57,1596.0
64374e652e969f5129699e73061b7a4c,A,57,0,57,285.0
6de7a7dba9c0ee419bc55389ea3a9579,A,57,0,57,399.0
6f0083a73990b438bcaea6ed4c63728b,A,57,0,57,456.0
77ac66cc2ce6fe502be1ee0a9d55cf30,E,57,0,57,228.0
7eede2e354ab71b245b1561706ddfdc6,A,57,0,57,114.0
8346206de1e03745d19c088fa355da48,A,57,0,57,349.0
86fc95cb7c94e85731e6caeac3125df1,A,57,0,57,57.0
87a5788d15758f045b865e87117f93da,A,57,0,57,627.0
95d8e3d9ed7ed2da37021dbaec64fba0,A,57,0,57,342.0
9785b761b3beb7dd1802424aa0f0532a,A,57,0,57,570.0
97cd2dd51ef0b795b71335b252a08d2d,A,57,0,57,912.0
aa78332ff3f4ccaa4dd4231d1f300ee6,A,57,0,57,969.0
b4a35e666b0ccad9770b71a60ae7c535,A,57,0,57,285.0
c808964617abc6eb36f7dba2fcd77a41,A,57,0,57,342.0
cfd9a9ab87cab11dd0bec6fe3e4463be,A,57,0,57,507.3
f3057d5a65f9d098c8385dd6bfc74f88,D,57,0,57,0.0
f5a65d1a3615fc4d96d968f42292ce85,D,57,0,57,0.0
f907ff74586a74ea2ca18cfe17875f2c,A,57,0,57,1710.0
1979b66d3a58731ab4c26d977cd45a37,A,56,0,56,336.0
1c48793023fdffd673088390220f587f,A,56,0,56,448.0
2514d7c3042a7482e75f27c491e8621c,A,56,0,56,280.0
29e03b79ee2d1b4e35db4895bd59fe04,A,56,0,56,336.0
2e21cfdab728a566ab23c7933abacc56,E,56,0,56,280.0
2e62850e5351f2d1ff1f866e4d37866f,A,56,0,56,352.0
363b6feb2df5af0c20ef802c7ee42f7d,A,56,0,56,448.0
446f7a8d40e8882754f1c5925aa1d350,A,56,0,56,448.0
4e40bf84d7d45184d3b3afb6574a05f8,A,56,0,56,2800.0
4eb78dc4ffcd071c7c9d56cc0826d6bc,E,56,0,56,112.0
7b77a81e43593f9df44415831d07c4ee,E,56,0,56,840.0
7d32b20788a953133369660d48a20aed,A,56,0,56,448.0
842688ae0e940850304ebdf8bdaddcfb,A,56,0,56,354.0
84786f7833b669ae3ca41ce53051b0eb,A,56,0,56,348.0
9114b9c9002a2d41f50c9ea1abb2ed5f,A,56,0,56,280.0
9e142a918469ed58fe7fc419c5a84ced,A,56,0,56,141.8
a326c6cc4bc6173c948ba9b89b42fdaa,A,56,0,56,336.0
b20bc7c14d426846795d38224ca341cf,A,56,0,56,280.0
b5ecb074d3f1e7326aae5997dc702a19,A,56,0,56,448.0
bdc3b2167c4bab75e0f1bf58faab9e22,E,56,0,56,168.0
c9a9eae21a031c614b586e8a79f33302,A,56,0,56,336.0
cc27cb83260d2b7e6acfb36a7f97d6ea,E,56,0,56,672.0
d6c4557ffdffb161ba8745916b6726ff,A,56,0,56,280.0
daafec3f1e3b2d6ed546b6c33b366dbf,A,56,0,56,347.0
e2ae107cdd04ee59ff98fcd056d4f72a,A,56,0,56,498.5
efe8ebd7be61b56306217bd5206ba44f,A,56,0,56,444.0
f6e2bc24fc9924bd0b1e1308c92a9029,A,56,0,56,112.0
0932fb70202fd2fa5b99e91cb7917cfe,A,55,0,55,440.0
097405b1e199c3085655bebfa02638ed,A,55,0,55,440.0
15b84aeb67288eeaa027e8da39a77317,E,55,0,55,660.0
3501c680be1b44632070663f539a4a52,A,55,0,55,1210.0
3e986ab18c28960fc53efcdf80522adb,A,55,0,55,275.0
40257c469a28edaee0b15e5e0a08a8f2,A,55,0,55,605.0
411d16a530fe4990a7a5ae2afc64e76f,A,55,0,55,220.0
45870cd524939c42827e05a53771b171,A,55,0,55,385.0
5e488ab457c8822932b5ef5a10232c0a,A,55,0,55,825.0
7844d5c1582f03a403199f1ef504582a,E,55,0,55,275.0
87c54141d5163514940cf7721104e270,A,55,0,55,275.0
8a8f5ed92ae4afcaab99b535b3beca67,B,55,0,55,2750.0
9b5cf8d18da1c3838453f4c905a47be2,A,55,0,55,1210.0
a3c14c6375ddfcfa2a3b72c7aadf1636,E,55,0,55,110.0
af5a97b839c131cb983a32c041f44397,A,55,0,55,303.9
b2f567e7b92bae7b048767df5d537a2c,A,55,0,55,385.0
b43fef7c6f26294c5a131932f505da20,E,55,0,55,275.0
baedc9d4d9d288076fffabe3e796649a,B,55,0,55,8250.0
bfa7e61455c6b4a4a9c510acdbd18d16,E,55,0,55,55.0
c480f82524f9248bce6c740498b536b0,E,55,0,55,275.0
ca54dc7add1d8ba5477a895b3abb6445,A,55,0,55,935.0
cd3d7ba1bf216af931d32b2d4f8c4dab,E,55,0,55,330.0
d0c59dae407feb44005d1f04e09fc944,E,55,0,55,110.0
d2ba13fd6feb2889ab28a07b07124cdd,A,55,0,55,330.0
da31ca11b28135af2920149d3d7f61e4,E,55,0,55,275.0
ded29ee9cbc5524fc74b5f170370c225,E,55,0,55,110.0
e683e52bb5dbbb8c737307b55276d5b1,A,55,0,55,220.0
f0c6299d4c6811527dbf2d2093a83dfe,E,55,0,55,165.0
f1152cb11202d723b2d5376371772def,E,55,0,55,110.0
fdf5235fac33fea93ca565a81871ebec,A,55,0,55,3850.0
0419390522aa462529391b656ce62a88,A,54,0,54,648.0
0aab3c22260a45cb7729cd39aabf89c7,A,54,0,54,540.0
119ef30da7565310f6a7524a3ecf9f48,A,54,0,54,432.0
14d0d40fca48d940188d549bccedfae5,A,54,0,54,162.0
168a7176291f25098df87f8d831792f8,A,54,0,54,351.0
196d679c60af04acd692719209a961a0,A,54,0,54,270.0
1abedb658bc2c21041e0571abfb71894,A,54,0,54,270.0
23a2c69f7e38e21b2464d2f912ccc7f1,E,54,0,54,270.0
3eeae8d9eeccda5d9e6d15d8e92cf52b,A,54,0,54,324.0
4981438614ef66bc1f950d1d3a4173ac,A,54,0,54,162.0
4a38640e832bb9f06670d2f2a769f511,A,54,0,54,432.0
4a94c631322a76fa5a81c79896eb8d14,A,54,0,54,324.0
54e3e29a1fb9df16bbf3892dca225dd8,A,54,0,54,108.0
65a34c78ea4ef454f596a32572612a82,A,54,0,54,918.0
67992977c4e72ee88fec0f3b1a3c11b9,E,54,0,54,1080.0
6af0bd0def9bcea6b9d592c0ab047f47,A,54,0,54,810.0
6f482963c520560ae2b21ce64f3d36b4,A,54,0,54,4752.0
71757923ab62719215b1db16eb558c5f,A,54,0,54,3780.0
739758491187f913530fb39def4971c7,A,54,0,54,4752.0
8d50c74ae1bc0c6880c3b0bff6b3cf61,A,54,0,54,216.0
928e9d199ca52c63e9ec3045dd55a43e,A,54,0,54,162.0
9869f486831beacead141eeb385e8f60,A,54,0,54,972.0
988caa9868514a27d40176ed4dde94ca,A,54,0,54,648.0
9d0f7878108c812e079f582c8ad5c900,E,54,0,54,108.0
a492ed16adafb1d58ddef84db97ff8df,A,54,0,54,324.0
b8d8e4533ce1ccab0ca1ecf16b1c51bc,A,54,0,54,324.0
bc5203b1cfbf8fece02b9d63d2e67054,A,54,0,54,216.0
cf6943e5dc5cc7ff4a034814f2d6433b,A,54,0,54,648.0
d1938453855a029535eae354212cf37a,A,54,0,54,1080.0
d452ef77cbd303ad869a7cbaeeafc906,A,54,0,54,350.0
d532fdd8616ee4668e78ca506553f985,A,54,0,54,324.0
d707e35f0732bf0738ecd8108e404b31,E,54,0,54,324.0
df6ea48e34f107f6e2e475f3a8d57aae,A,54,0,54,432.0
df80316fdd3348fa535997c63130160e,A,54,0,54,2700.0
e7760c16913ab9ae177a3be3aa7464da,A,54,0,54,432.0
e9502f9eaecf78aa9e7cd23615510f52,A,54,0,54,432.0
ea64b07646d796afe4a1513aed42af19,A,54,0,54,4752.0
f06248d3cb34ef08f9b01fdb76ee4ca8,A,54,0,54,216.0
f139116660b43376e675323c3641e123,A,54,0,54,378.0
f1a7e417814108836f5b2b943b80817f,A,54,0,54,3402.0
f4c2f834e8430b5b9d77cf9e810695d9,A,54,0,54,378.0
096d95d09c2146a19c58671bd91ce301,A,53,0,53,5300.0
0d361a2a475e4df95eddc0442da21ad9,E,53,0,53,265.0
118c4f8f03db7405e5717babc5f1281e,A,53,0,53,265.0
151d0e0d5b1af03a0ad842460e1cfbac,E,53,0,53,2814.3
15247e3bf1bd0c5add3b32487b157e19,B,53,0,53,10600.0
15d6ec52d9c1abe5142aa87cb56ff606,D,53,0,53,0.0
1ac789614e79c578430de3d0d559c3f4,A,53,0,53,530.0
1f16c0a0db5becfa34c9aa3e7b7f5dbe,A,53,0,53,530.0
1fcebff6a0bc3b9277c77e6c6d45187d,A,53,0,53,424.0
25b549aaf19a732387e3144c0e525c42,E,53,0,53,106.0
2fd24100ab9a533768c4f0755bd0e2e4,A,53,0,53,106.0
30d56e2beab805c2b31dc71a5234e5d2,A,53,0,53,318.0
30d7758ac0577ce883fdd3418ac6883f,D,53,0,53,0.0
3318643a1ad3d5e201cc081a5663888e,A,53,0,53,325.0
360bae41ef25c5e9812d8bd3ae4fbcca,A,53,0,53,636.0
4675d94c5efb791f325087fe99d33b3e,E,53,0,53,212.0
49edff25c86bd2701e112d734e1a7059,A,53,0,53,265.0
4fe9f871b0459b146983ee866533dd97,E,53,0,53,53.0
51e49217bfb3e14beab8badd06124cf5,A,53,0,53,291.9
5f214037f04a10632a62af6f8036c9ba,D,53,0,53,0.0
6b9adcdb6454de21bcfdf6c659adf7fa,A,53,0,53,424.0
708f56fc3df1467690fba61bd0384ca7,A,53,0,53,265.0
71d5959760c6a424a2cdfdafbd438e9d,A,53,0,53,583.0
74c137b99bbbf2d6fe2d9d6a9d07c987,A,53,0,53,265.0
74d349f96cfe819cc0075ce3290930c8,A,53,0,53,21200.0
7bd51ffd649d2bd9b0f7ae3a80585866,A,53,0,53,1272.0
853ea69d09266ffe5829db52f1396563,A,53,0,53,424.0
871c94d48cc91cfcb1f7e95423deeeb7,A,53,0,53,212.0
8c4fea14bf1f79145e87bb39ed3e8bd9,A,53,0,53,1060.0
8d2c86a9c547143b89e4a1b568071cde,A,53,0,53,2650.0
9cb7ae38a410a1057d4011ce4847418d,A,53,0,53,1272.0
9fb2f2f1ff8d3d76181fb069429d1311,A,53,0,53,265.0
ac4024676e3b456047beffef1e6d6f71,A,53,0,53,3127.0
c33dc2069350a6c7ab0c0448d6d3b301,A,53,0,53,954.0
c7f1402040a8d44e52af2624f5171aeb,A,53,0,53,318.0
d03074cb97d67d265a3cf16b211ee74e,A,53,0,53,2385.0
de27d4f0bc35f42c6d56a853553f58d2,A,53,0,53,334.0
e58bbe90831293eba95a79eaa9fa831e,A,53,0,53,901.0
f065fafc04f240513cdd9fdcfcc90058,A,53,0,53,349.0
f1ac660d7101bd4b6640bd61e73abb64,A,53,0,53,212.0
02d3d45b0b0f1fdbeb721bad8457a558,E,52,0,52,104.0
0b26f4213143bd4164fe1d776a5cc552,A,52,0,52,312.0
0b74752253363ce92aecc9903e65e5a5,A,52,0,52,306.0
15a5acbf1130b6dc17c2c03e27b3e50f,E,52,0,52,156.0
21fd029b58ad3b72baeb385415a3f667,A,52,0,52,359.2
325171a49f60f6cfa117ac3f17b22dbd,A,52,0,52,780.0
37027806ff1ab9ec7ecce64ed54aaef6,E,52,0,52,156.0
4173dbd1c3d1083e20e7d3c13f702bc8,A,52,0,52,780.0
4942a9975772483e632382712feb7ec6,A,52,0,52,208.0
4c79e075b5a9c494e4d1ac4216e2cae0,A,52,0,52,104.0
5254aa7a701cf2de98e51fd11f94fa07,E,52,0,52,104.0
624e3eccbba927072f09d25b5787280e,A,52,0,52,468.0
6d4035c3db66dbdd4578e8e6b4b3727a,A,52,0,52,208.0
6e498ca5f0ccce3cf414f83693be3e2e,A,52,0,52,156.0
7025789eec1e2c7877e7eef2d824d59c,A,52,0,52,156.0
71e81d408a846a612037bfc2cd379277,E,52,0,52,624.0
8460fa672b78985f3f694be29661ddbd,E,52,0,52,156.0
89b7c1bb93fe371a414995f86dfb509b,A,52,0,52,4160.0
932b5df7ba617515383b7ca36a28a4bb,A,52,0,52,329.0
9895a1cfa862c8e6d8f3b3ec3cec3926,A,52,0,52,4680.0
9a273ac420fae49de0c326c572cc8fa5,A,52,0,52,260.0
9f9712ad6102e249f6b1e26037a987d9,A,52,0,52,3640.0
a3878a962cdad059a3ef8013c6477cb5,E,52,0,52,520.0
a99696f119607750fba3f738ec4a6cf3,A,52,0,52,1664.0
b1577e2f0fc9b6b81e1ffb1dcc2318cf,E,52,0,52,520.0
c6c30a4b5b8cd91a25733243abbac7bf,A,52,0,52,936.0
dcccf36f37ae629ff4da6f07dcacda3d,A,52,0,52,468.0
de2f787e3784867bad9b5151dc0c2062,A,52,0,52,416.0
f073001ff6360fd1ce859b1972ac4f41,A,52,0,52,624.0
0468e9d3e6a782bff6fa3852f2028588,A,51,0,51,298.0
0b8de50768bf52d47269e521fc53df52,E,51,0,51,255.0
18ada7ca6945d745339f08a93a61c80c,A,51,0,51,510.0
1d71b727f22b7430ca1b18a9d1d50ec9,A,51,0,51,102.0
321ae1c33d66992e81248c022a105337,A,51,0,51,459.0
33d239b0b139f1b1745f6e246064c372,A,51,0,51,255.0
3b162a04f6a13b6b834db9fc64df8e9d,B,51,0,51,918.0
4124c3dca7cdb26b629230a2fe5664d3,A,51,0,51,331.0
4144d0e8ae6e0f35416a4a330f4f44c7,A,51,0,51,315.0
418cd5e558bf0a78f3cca1bedb01710c,A,51,0,51,510.0
46ad1af1f0ef01396a60bb0f022b6568,A,51,0,51,867.0
484de6ba0ef60680193cb12041efd074,A,51,0,51,255.0
4b0b241c942339113cb38534d44d9581,A,51,0,51,272.8
4fed34b348fe49024b86d02cef29461f,A,51,0,51,3570.0
5524e3d530985c4bac147bf53141399d,A,51,0,51,408.0
5841b9b141febdb5791d5b6e399b2b49,A,51,0,51,255.0
5889cbc75050f57bd04a7797e5e80241,E,51,0,51,510.0
6c213090876321c25d4e54b49414b84d,A,51,0,51,3570.0
80111b034d294636c1460a2d9c857550,A,51,0,51,301.6
82ad093b7ad750803f3f217f412d085b,A,51,0,51,816.0
8819c4a1e9762cf2c7a00aa8e95d19ec,A,51,0,51,102.0
94e31b622e536b4d9b45926c11877398,A,51,0,51,184.9
9663f4dc1e19ad971fbe8bba8a68c263,D,51,0,51,0.0
9bb2bd456dced4e0a269e0d709f273aa,E,51,0,51,255.0
9bcab5476e5fee110b3ac6efb75c1846,E,51,0,51,51.0
a050ef4c785fe7bd0ae8a1f546a6e5bf,A,51,0,51,510.0
a2d4245cb7ea7092e929682e8522a803,A,51,0,51,357.0
b307f0334d8216e2dae9afc4ff6f7de0,A,51,0,51,306.0
b6b06b03e73e690c57e351fe557b762c,A,51,0,51,317.0
b98947c178c094ee222b3ed4da89ad80,A,51,0,51,765.0
caf72a91a0e3c4ce2d80cdc934dc4626,E,51,0,51,1530.0
da6d7399ea8f6914df246f59ecc97856,A,51,0,51,274.1
dae2ce33f17f12f23eb5155ccc233da3,A,51,0,51,3570.0
de0d987ac66965630371954cb747dc19,A,51,0,51,160.9
e3a2e020a1c170a8ca968515158626a0,A,51,0,51,3570.0
ebd31c7f83f611e9597dea76546b0214,A,51,0,51,561.0
ebf45ac8ab6b5340f58da8bc5b7e5a09,A,51,0,51,255.0
0e2ef591f50dd81411544f0ec1b7b4a2,A,50,0,50,321.0
1ce5f43d4ad38af1b6d666b16b332539,A,50,0,50,450.0
2be901440a526474c522c5d97392d1be,E,50,0,50,100.0
32c4ceabd9688e37bc1679064fd2ec24,A,50,0,50,4400.0
388048e61830a3e76da6d6a3aef4b481,A,50,0,50,250.0
3f616e2b4d8527b9ce80f20268fd82c0,E,50,0,50,150.0
40dafc63e7f3f4849d8cd13d5cd7013e,E,50,0,50,250.0
4190d91b146943532a74a63e297338c4,A,50,0,50,1000.0
4bc839af0bc4976f89df82351a87547a,E,50,0,50,500.0
53cc4769844592cc07a0a1200778c634,A,50,0,50,700.0
5b3c8d4e31750df18a265cd7b2328985,A,50,0,50,500.0
641a1c3b718775d6332bd79b2ecd215b,E,50,0,50,500.0
69cefe7a1da36801b06f549b5f80a4f2,A,50,0,50,3500.0
6b41b1b62516aa22b6862660a79414e4,E,50,0,50,500.0
74329d526553e626b5244415ff3c6e6e,D,50,0,50,0.0
7a8616cd5e0ae4e5256ad8ab3a3e3383,D,50,0,50,0.0
7ade4f7c3fa20083131110934a00d974,A,50,0,50,250.0
8ff57d8da1ebafc54f377ef07abf8601,A,50,0,50,750.0
9091358b39e7d78f600759080a725e84,A,50,0,50,500.0
90d8109b1ad9717fc5466429ef84539d,A,50,0,50,3500.0
9c02da77801e27ed2fa041e85be66b69,A,50,0,50,250.0
9e6ea240842cd6aefe3e1c735e69bcea,E,50,0,50,500.0
aa2d4ee4e4c68ac0028eda3a1756aaa7,A,50,0,50,300.0
abcd97c9fdd50f2ce72cb98bd8a18575,A,50,0,50,200.0
b5d436e4e9435f69bc0814181ced824d,A,50,0,50,250.0
bd0697337e8bbd10723ea535e15dabec,D,50,0,50,0.0
cb758eb7396b63b98844e20b836fa62a,E,50,0,50,50.0
cc52e16e0b0bf7b9c56763df1b09ec26,A,50,0,50,400.0
d16d4c88272a060f676501a5bfc749ac,A,50,0,50,3500.0
e4fe6d80e78030196f674718f3297302,E,50,0,50,600.0
f8f69a769538573fc77059b6f92ff617,A,50,0,50,550.0
1c0d08f76ea3b36b2932c153966b3a63,A,49,0,49,304.0
1c7a2bf2ebe54bb80b55080f75e10bd7,E,49,0,49,490.0
2d2006e2398e473007a3d013772d63a8,E,49,0,49,98.0
3787a230d0803947abfcb150a6a070b1,E,49,0,49,98.0
4216cc4500a74da270af357a746d2895,E,49,0,49,196.0
434b5c69c04b0e9d36ef80da3d6d41fc,A,49,0,49,1715.0
44a468bfe31af4824b1b9f807d5ae007,E,49,0,49,147.0
46b04be5e22b73ac89f8495bb3bfda9b,E,49,0,49,245.0
58ffa2b578de9bc07d3e8c18507665ab,A,49,0,49,196.0
598df4b0b331fbcb140179289624bc32,A,49,0,49,1470.0
6d302affb5b9adbdd3feb4c492773d9c,A,49,0,49,147.0
76765b46df0b12f844b5d4fb4c41838a,E,49,0,49,735.0
7d8d5536b365792ef5f7df694c2a70bc,A,49,0,49,490.0
9508e33efe2f3b9bb4709c4998fc38b4,E,49,0,49,980.0
a19f8bb1328b0c9e0674d3d3dae7c771,A,49,0,49,98.0
a61e26167583570d11a940ff9eaa0856,E,49,0,49,147.0
ab37fed0b0f6b1a43d629145ac58c57b,E,49,0,49,245.0
aec6553db75ba3f6469e65b572501124,A,49,0,49,98.0
bd180b7f81557c4b6dc9b660e759cd53,A,49,0,49,245.0
cd4165534a7459985d2eba3733b68656,A,49,0,49,980.0
d36588560849b5331b607fb56cb9da6d,E,49,0,49,294.0
d3c58dcb3e404aa491d8e569f62fd611,A,49,0,49,441.0
df98a1de622453abe04982581a61909f,E,49,0,49,98.0
edb627a7a658e66d8c09b159db971c83,A,49,0,49,392.0
eeb2c905cfdb4bde619d00c281ba2161,E,49,0,49,147.0
f203a7916d82befdedc89694357b0d34,E,49,0,49,588.0
f24a69a7fe6afe8c23f0628f3dc8726e,A,49,0,49,1127.0
ff4a3e2f168b7923b491319c67bda82e,E,49,0,49,147.0
0232bb3a77a91e70b380019585707f4e,E,48,0,48,768.0
0b7e0ca784fc576c7b26d34503ca55d7,E,48,0,48,384.0
0df5b58f2220b76a87582b33b265b99c,A,48,0,48,240.0
11f89e67127fa9839834a3734e7291e9,A,48,0,48,480.0
17f9e6609197bf1a4a50558793049339,E,48,0,48,240.0
192b4d0b5d09e74e886db795fadd5b81,E,48,0,48,720.0
19c6f19bc1a7ac54ad76021aa5eaef26,E,48,0,48,480.0
20e65e42aa38f5fa37462d3741fa6a3a,E,48,0,48,720.0
212df70cdf283128be6b1674eecdbb16,E,48,0,48,720.0
4958547a84646c3641e37e3e58d941ea,A,48,0,48,384.0
51f7685d6b10bd7a041c375cafc0596c,A,48,0,48,240.0
5256b9fb37fb2b4ccff66de66352ea15,A,48,0,48,288.0
5a799edd9d8c5518875eb6f330a360a2,E,48,0,48,384.0
5d72228af2b16ad7637ac019b712d9ab,A,48,0,48,576.0
60aa82de1950ac0f55e95431a602ea00,A,48,0,48,3360.0
68ba02e59a7aca903b4f80a0deb123c4,E,48,0,48,144.0
7141eeed20a434d034952ea79ecdb449,A,48,0,48,816.0
73c47cd0c1a1d9083ded67a29af6cd81,E,48,0,48,96.0
762c534dcd8dc305fe3abbf37160ceda,A,48,0,48,240.0
7cafb15228597a15e012507bf2817e63,A,48,0,48,528.0
87c07049c7bb49f5f995aac921529341,A,48,0,48,144.0
8cc76aa60d671138e037520930656242,E,48,0,48,96.0
91385a42bb951c789b2008dacf0698e9,A,48,0,48,298.0
928a26079a8221bcc66baa1a956fb79f,A,48,0,48,960.0
9338805b3bf1cc88bc4c3de1d3fad631,E,48,0,48,768.0
a3c98c59e36f11c0676f41ead1e0b241,A,48,0,48,210.0
a6174742b16d2ed064423757427bcd4e,E,48,0,48,384.0
ae60be15b68418afab23aad1744c1095,E,48,0,48,144.0
b3796ceed63a816af97631388685d759,A,48,0,48,96.0
bace73d7b1bc646aa2944386aff3d354,E,48,0,48,96.0
bf92224cbb36e69b640d01201ee83dbf,A,48,0,48,323.0
c06232b55b896da53407e50348d72040,A,48,0,48,3360.0
c3cf8a8d945d80b86e9c403bd2be88b2,E,48,0,48,96.0
cac84ae91c7bd20703c76b1cb3bde816,A,48,0,48,336.0
d00ba30410a2846bc4fb6d607b41c2de,A,48,0,48,432.0
d046eb98258b957a424c4693ae5bdcff,E,48,0,48,720.0
d9ee148f4aca443e8583225d8c59a0fc,E,48,0,48,96.0
de561104d39973b6a0df226ac68e30a5,E,48,0,48,672.0
ebc06ebf54dac09a1b2a8c9773b78f5a,E,48,0,48,480.0
ee6bfb6ad4eefe6bd1b2b1df754b6aa7,A,48,0,48,288.0
fce467bac0056425cf0e27019ab5a3f6,A,48,0,48,240.0
0557768d2ced2fd890e0f3eed7837c12,A,47,0,47,282.0
08592f9a0b68234b71089a94f28ce9d1,E,47,0,47,94.0
08944d8ec933ef1ca14bbd66a68512b8,A,47,0,47,1175.0
09cc3c5100ec1fee7e1ffa4b3be56129,A,47,0,47,517.0
0cd8f87f8419172510ec5e24dca8412a,A,47,0,47,235.0
22e9f3429d5bf26a09795971c1049018,A,47,0,47,470.0
26a6d47f3e01f6428a7467ad6f08f798,E,47,0,47,94.0
384c6f75c648d83581fb4336a7329921,A,47,0,47,299.0
427bf7b0028fe2da80a8775525c622a2,E,47,0,47,2448.7
42b5706dd3ba24d4b78df2258f3935a7,E,47,0,47,47.0
4d25ee56a61f4d5123fbab30f7226c01,A,47,0,47,282.0
6a2b38d4c7c0af904452e5c4531d0335,A,47,0,47,188.0
8563d695f4ad96aea93248344366604d,E,47,0,47,282.0
86668f025c3585b58d42429978520c20,A,47,0,47,376.0
9263c1e8c36ee5ec6a24d771512f6ca4,E,47,0,47,2448.7
9494e9475509c0c137f54c1a4e44e8e6,A,47,0,47,3290.0
98b69a5e7dadfbdac22990c279ffd76c,A,47,0,47,235.0
af2e4f233f46d753b6a78535efb7d53e,A,47,0,47,893.0
b54c96b4ab78dc4be97924c6f6a2e6ec,A,47,0,47,940.0
b84cf66b953156bfd1a04a8c8a60c354,E,47,0,47,564.0
bd66b24048bdfcc0f6aa94f910f84c3a,A,47,0,47,470.0
c64699e432e6d1d8a7b52a918bf29943,A,47,0,47,141.0
ccc4abb519b0267957c608d4d28bed42,A,47,0,47,329.0
ce046196f2f3da55f3d8caed86dec9cc,A,47,0,47,470.0
cf67876177b90726f6eba454cb027e0f,A,47,0,47,282.0
d305acc87fb557d1d0f5d282da209a74,A,47,0,47,141.0
d32d8d03267aa87dfaa15c87f28c4287,A,47,0,47,376.0
d56c412c738f9b0e6656682c0457baa5,E,47,0,47,94.0
de48e07c4aa1251efeb71973a91b165c,A,47,0,47,235.0
e1f82e56123ecccfe2e077074dbf8408,A,47,0,47,282.0
e5052af52fd2d02f57077e8c57fa3cc0,A,47,0,47,235.0
eafb1c0720d6dfe8fc46a7a3b20aa01d,A,47,0,47,3290.0
03abaa30b74edf93dde27351bc553781,A,46,0,46,276.0
16061d6cdada1ad8e119d37d7d30c615,A,46,0,46,368.0
26dad1711df4a0f549cf524e979a5006,A,46,0,46,230.0
291425e8d94ad309189d22f3eff6b860,A,46,0,46,138.0
35ed4dc9abb413508a04f898861edb87,A,46,0,46,230.0
3ab733195f6ea3efbbb262bb2ae37b40,E,46,0,46,690.0
3f9166024136ba8b0b7f28dbb38a85f7,A,46,0,46,138.0
40a89fd3a1be725b665114a4d4320a9f,A,46,0,46,138.0
4e2bcff81be881f4a3931fff8fe059ea,E,46,0,46,92.0
5e8e7a8fb3c0d06be28f854160b2e092,A,46,0,46,552.0
63ed0dd9bde47919b4e303229968bf9b,A,46,0,46,230.0
65dc55390d7f5a49ed64b996b62d6f5d,A,46,0,46,230.0
66b532171fcf1e4743bdc39cc9f54304,E,46,0,46,690.0
678377369ac8761c8c8b0487dec874ed,A,46,0,46,690.0
7bcb9de3df06fdf1b4effe60feee7995,A,46,0,46,1222.4
7d0f00d87c233f9331f2dfd7e529b133,A,46,0,46,230.0
a3bbaf5156f4d416c879a72e9841e6be,E,46,0,46,460.0
a9cf0ab09181cc4d3b33a8da61f755e4,A,46,0,46,258.4
adfe4ae60942c7392ba912393eac63d0,A,46,0,46,276.0
c32efc09d7c5e75054c491b65f171a04,A,46,0,46,138.0
c7eab8994496082cf3ce077dbdb34858,A,46,0,46,286.0
c8ee5d499127728ddd54e3d0dbd3ad78,A,46,0,46,598.0
cc04ca12806fa8f4b7950aedffb3628b,A,46,0,46,3220.0
eb3b2d375cd5b13fdc0d944fc192e8c3,A,46,0,46,920.0
ecdf3618d361a10c44bb5085c566b64b,A,46,0,46,460.0
f20136be51588c3401e3e671c2b0fb9e,A,46,0,46,322.0
f574e00f92b01534f09868dba79c3565,A,46,0,46,230.0
fbf7f1a809610f8f0cab079b5003e284,A,46,0,46,322.0
ff9dc438883300522b4ea9c412b801b5,A,46,0,46,230.0
00cbe07442cae52551ea172aedc28c7c,A,45,0,45,450.0
05265e49c1e33cdc0347d0afdd2a3b0b,A,45,0,45,675.0
08aff305d1eb2a6badd998c053e4566e,E,45,0,45,450.0
0ce36144778aef23a6fca81174d5fb07,A,45,0,45,540.0
17b5b576f6fa9170d1ef9df0cfc23fce,B,45,0,45,11700.0
22105b463b6d63ba9241090b6f1ef96c,E,45,0,45,450.0
2ca062d79513a7fcdaeb92782d0da583,E,45,0,45,585.0
302c93b9f3d2dc7e7f0cf0ebc8955a99,E,45,0,45,360.0
3a4adb37b18272f0ed38d79bf0b0ab0b,A,45,0,45,270.0
40a26510313b4854ae376d528ce92896,A,45,0,45,269.1
418c7ad085b6351c0722fc254bd6fd93,E,45,0,45,675.0
46dd80e8ba8f4ec5caa956e468a8c384,E,45,0,45,675.0
503ad8b1e181ef0c414f6e008348e46e,A,45,0,45,450.0
56a00cebf2cf23aff08c054d64011d9c,A,45,0,45,540.0
58549cb89d113522339bd8a9e122ec94,E,45,0,45,540.0
65616c31cfa06c301b6ed2808e93ce7a,A,45,0,45,315.0
66aa0dd3cc1697b4f890d0ad9ecad08f,A,45,0,45,720.0
6727b310b182aedba2622efcac55535b,A,45,0,45,315.0
6b0b017f2ff1cca46cf58f8ddcc31b10,E,45,0,45,180.0
6b4d8cafa6703c30b66ea3c283ee3167,E,45,0,45,675.0
7029c8ba8059fff51d86a5f50c581bf9,A,45,0,45,3150.0
7223a5514cefda6b46de73ee69159013,A,45,0,45,270.0
76bedfaa27870523301332d13b10c5d1,E,45,0,45,225.0
7edc07ce371de5531fa38d27e4da00bc,E,45,0,45,450.0
7fb363f4e1e076a64b3c98ebab43f77f,E,45,0,45,540.0
827ac66635a09d3095e207988182a212,A,45,0,45,181.6
88693e2d07265b67125060233bcc66ab,A,45,0,45,360.0
889da611b3fb10ab897de9c6f111f390,A,45,0,45,270.0
8aca17fde1b877339e0359585e03317f,A,45,0,45,98.8
8c9aefba3ed263d9263a8f1f2994a588,A,45,0,45,270.0
8cd9b616ed665da6b9aed9293cb970e0,A,45,0,45,360.0
8e3a864801e8b9b24d1d559ad9db8cfd,A,45,0,45,45.0
92e87c38d1ddc4eca2161816b28ce313,A,45,0,45,3150.0
987f6657f616c2e014daca682f58f6d2,E,45,0,45,224.55
a852d2c8c84d529c033635ea724bca6e,A,45,0,45,675.0
ab9d867904cd28aa15dad078d8672de4,E,45,0,45,225.0
b08b097b8de1343797393318ec1a4e83,A,45,0,45,225.0
b0ca4cfb576a9a1f9c2957f43f0ad553,E,45,0,45,450.0
b76e3080b6175699b6be583c59831be7,A,45,0,45,990.0
b8c6748ad1598c13390f6d83b1b795b1,D,45,0,45,0.0
ced57708c7837d9bbdaa3340639f65bc,A,45,0,45,135.0
d95a9a73861ddc388e157f6fc069c4c1,A,45,0,45,900.0
f0437a0ef82df32ff5153e7d0d6f6c6d,A,45,0,45,360.0
f0dd950034112a46127c69b9185dd506,A,45,0,45,450.0
f500bd4fbc7144ef1ad6190b2b37d2a4,A,45,0,45,3150.0
f59f0b29c2e072533dd3563bcec11b80,E,45,0,45,675.0
f818eb3710b97622286f21dcdae9fc63,E,45,0,45,900.0
0880cb7cfbf66631ddd95218683afc89,B,44,0,44,2200.0
0abbdbeca2215c92b691a6a85cf3e907,A,44,0,44,968.0
0bc9b2b213f5e4343dcb598fef73f53e,A,44,0,44,220.0
0e73fbee2ba8726e1d830948c1fc0876,A,44,0,44,308.0
1260948ccb49b9597b90d402f1793f9f,E,44,0,44,220.0
13dc37329b942756adfce432deea5981,E,44,0,44,132.0
15ae215314cfe9ac9831ebe7b826da9a,A,44,0,44,132.0
257ef1c54881fad7595e1024dc771f5b,A,44,0,44,704.0
25ed149d3b5b228f8703ef7cc5bc79f2,A,44,0,44,264.0
2d91401e45c885ac3c03c6732c59b129,E,44,0,44,440.0
363db7755bca49772c40ab8a8ea5bf13,A,44,0,44,220.0
383b72f7c7a33cb8e336ad0d13ae7114,A,44,0,44,880.0
3989de1070ba74961f4e10cf695b0f7e,A,44,0,44,270.0
4cd95ebd12a6743eb1fc157beeff13df,A,44,0,44,220.0
536d1b285a9b4da4f9fd164a1c87e6a2,A,44,0,44,220.0
5680227bb84c4bdd96ad626fa68116c8,A,44,0,44,440.0
684b0b4aa755c93792e7b35791770a66,A,44,0,44,264.0
6bb62a3bac0d9bd32a46a8b8819e7b5f,B,44,0,44,4620.0
6f56dd11041737fb5c7f673b876abae1,A,44,0,44,220.0
771480c58c34cf56dafdfc98f14c2415,A,44,0,44,88.0
7b825c005df3f9da43b335d18a24937c,E,44,0,44,132.0
7ced7f67dd220cf5709335a5bfa95bd8,A,44,0,44,572.0
7eca040dbebf1ea55e167f9b4e3f1aaf,A,44,0,44,308.0
81559b8d8894bb3499ac7a7932442a25,A,44,0,44,440.0
839787a428a626a79586f23b998d7434,E,44,0,44,176.0
98f6d32765609346dac1bc846c9c8e08,A,44,0,44,264.0
a0290708a39df88dfbcda4f95e56c864,A,44,0,44,220.0
a02b5ace0587240a119e7fe9a19202de,A,44,0,44,1320.0
b135fe8475909059025ab974e58d3901,E,44,0,44,88.0
bfaa8471cb099d11e477190f47ed230e,E,44,0,44,88.0
c5116523f9061f2cb20e3085ce16f5b7,B,44,0,44,880.0
c722f83ecf140b20e80ab6aa0d8e70fd,A,44,0,44,352.0
c82a336b3a47e469eb985901f9f25487,A,44,0,44,396.0
c8d07f01d94732b10512206d23f2ae01,A,44,0,44,264.0
c8fc6e0febde28b327dc58525c135719,A,44,0,44,1320.0
cd6b38e43ce26f045402d7e63daff63a,A,44,0,44,660.0
d06ea1daf1e5031dfcf08bf0f2396ba6,E,44,0,44,88.0
ebca2d8352d681efc5ef66f7f33e4fe8,A,44,0,44,396.0
edc2c1daab43fc82184e67b4c9c1cfc0,A,44,0,44,352.0
f6f9624c2cc357b8dc45cd52e2a041e9,A,44,0,44,3080.0
1512a32585625ad164461e6e76d7f5bf,B,43,0,43,12900.0
16c3a3dfa818cadb3b8b823ab994e9c7,A,43,0,43,3010.0
32f0fc982038ebb8f425aa4f2f4d9508,A,43,0,43,215.0
33b741b9e588fe04a632e7666e84c5b3,A,43,0,43,473.0
35d80e02bb3d81cb1efb9c936eb26626,A,43,0,43,86.0
372bdfb556d1c739be128a34fcc35687,A,43,0,43,258.0
3f2e16223a9f1edebe9b1dcb86816b30,A,43,0,43,344.0
42449f6174899c1a6b861dd98e46da33,A,43,0,43,2150.0
4af3cf3952bde2a62205199c15859d47,A,43,0,43,774.0
4c375979fd1e240e9b7cac57d2f55e5c,A,43,0,43,172.0
51c266849f7fcb08cc7b9e23d62c05a2,A,43,0,43,430.0
53fd93cc1b4ed03c8f8c9778d812a94e,A,43,0,43,774.0
680e398babb9512a912d7fbfdb0593fa,A,43,0,43,344.0
6957dd9e2e467ee5f4eec9f023cb5442,A,43,0,43,129.0
6b543859aba06247c290993a067bfde5,E,43,0,43,430.0
7946f4eb4f4b1a1a78c6d3dbadcebf99,A,43,0,43,129.0
7b492d2c36f2eb386becb49ccf08a23a,A,43,0,43,817.0
7db80bf1ed80c8a684117537c3949707,A,43,0,43,215.0
7fb29b1b981647618e48e080cf0c7d85,A,43,0,43,278.0
85db2f9eb90b8ec4e2ab41e2463cf801,E,43,0,43,344.0
8c4967fa62628e93463f33c2bbd9ee53,E,43,0,43,258.0
9eafd0bcc83abfde0bbc39e93cbb9669,E,43,0,43,215.0
adc6f0cdb9ac5cdad6d6740ed4f11501,A,43,0,43,860.0
b35ebb720907c18940e317b56a9dd979,E,43,0,43,129.0
b7873a4540a5c4bdf018bafefcb25bc0,A,43,0,43,258.0
b82a39fa822cb01912de46a02fa56651,A,43,0,43,1075.0
b90342ce55bc64d1d54248775396a63e,A,43,0,43,903.0
b9d16afaad6575fc7a0945c342dda921,A,43,0,43,172.0
beecd6e28457e093df5b59825e119499,A,43,0,43,860.0
c26dcdc7997f5ada34a167a470f71826,A,43,0,43,215.0
c90101bc6ca2d29c67fd97fcb4c2d48c,A,43,0,43,258.0
ccc6f74c916c64cb3ed2c30abfea2e94,E,43,0,43,215.0
cdaf25693b37d84f9723a3d7ac4bfb90,A,43,0,43,172.0
cf19108e45e3c17e5f04dbdedcc7293b,E,43,0,43,86.0
f72e2d4b29f0c7e87bd6742caf50b5a1,A,43,0,43,774.0
f751abae4b613cfbf725429bb8e4fc0d,A,43,0,43,129.0
0175ee448967be11a6389b59acc430bd,A,42,0,42,714.0
0911e7b9129462d00bcacb0b14f6c63c,A,42,0,42,126.0
0dbf8d3a06fa5cc2989867147f6c057a,E,42,0,42,672.0
16016c2e6a3372cd6b30397fc48810e0,E,42,0,42,210.0
18b0c053e3be0738e1be99c1d0b19433,E,42,0,42,630.0
1b9b27402d70d161d5e6f21fc1266fd6,E,42,0,42,588.0
1ea60c29c60db3e1678ea1b2b776b373,A,42,0,42,714.0
24a5e89f3cf9c033c87d8d8b92ed92bb,E,42,0,42,336.0
29a5d4b45894c092d58f030c6da866e7,A,42,0,42,126.0
322d0ca215ea790410146a4ac1aa7397,A,42,0,42,126.0
322e446b643cdf0bdc6132e97a74ac24,E,42,0,42,336.0
3e35606083cb99d99a5dcb74a7311617,E,42,0,42,210.0
3fa9c1956f362925838552483aff81f8,E,42,0,42,126.0
4d09298f8737d27d2924e5c9a8ac18bd,E,42,0,42,84.0
4e7bcb898434512acfa2b858018abee6,A,42,0,42,252.2
56b11e42b24ed9aaa36c6cb304a1c427,A,42,0,42,252.0
59ce84b55d0ccf4df7447fdaa416d143,A,42,0,42,798.0
5a476b070676e63211adad1fd9693449,A,42,0,42,84.0
5d1bc976d7a108b39404005e7da62e0f,E,42,0,42,63.0
5ef34291a7e6b1f0aa7023f6d9b3a389,A,42,0,42,420.0
62620bbc18ad68cf0f06fc2db4a70e17,A,42,0,42,336.0
662b8407c23174bf6c853726d6e7e452,A,42,0,42,210.0
6dd14b4e8c07b1e14d9af8a9146777e7,A,42,0,42,462.0
6feda8a12bf7bc8529f2ea910b2ebebf,E,42,0,42,420.0
73ae5876ad923fd10b08f994579259fb,E,42,0,42,672.0
7b72e3f95e076c7af7f46567a5fc2e3f,A,42,0,42,252.0
7bb2e170b360876dbaf07f8d381cc8d9,A,42,0,42,2940.0
7d73fe8f9fc0cce143f46fc11c52303a,A,42,0,42,243.2
7f73933a3b313e4e594b430f54b7190c,A,42,0,42,336.0
84eda12be6c39cde6f376ff6b7920e9c,E,42,0,42,214.2
9c4fd78ca30dd97eb48d3ba262ac261f,A,42,0,42,504.0
9ed7c902b1e900a7018644be90a5b68d,A,42,0,42,420.0
a3c03f7f5c095892d7d06927c6b85b5a,A,42,0,42,1260.0
a8d77ca5cf1aa6984f6ac52ca23f64d7,A,42,0,42,252.0
b2f11d55e0eefe1072c8bd65a0a50101,A,42,0,42,84.0
ba4a2b3ef3041a88a7e3f35b272ba1f8,A,42,0,42,462.0
c6e42eef4c33705762c4b4f7a4a9a2e8,E,42,0,42,84.0
c7545c56f11cce6c0fc09b0f23cc873c,E,42,0,42,126.0
cbb23a35d71005cb85a160a6d93348d1,A,42,0,42,168.0
cc1f8aaaaaf7d83a53d21a049e353e64,E,42,0,42,420.0
d0ba5b3f5cc835a8244d215ead6b80c8,A,42,0,42,504.0
d3a508e1cde9ae863342a37f01d96ce5,A,42,0,42,336.0
d521a73ae7553ebfd24f8806716fd502,E,42,0,42,420.0
dbca9e95417b8b40be23c782950ad82b,A,42,0,42,462.0
dc4b5b1e65c8ae3137cd0c3c85e958b5,A,42,0,42,840.0
dcee57475cfa1628930df037b8dfbbd5,A,42,0,42,630.0
ddcfc5481f436a9c31986564e08c8c65,A,42,0,42,504.0
e0ace4843b565403969c706372c6a44e,E,42,0,42,84.0
ea7f5f63ce740d01e6a1e9278d396fe1,A,42,0,42,504.0
f348752f3fc6b329f7cd09026f721d91,A,42,0,42,252.0
02be0420f80e3e34194d1609a918193d,A,41,0,41,1148.0
068df618eb8f705185ae9973c04db558,A,41,0,41,246.0
089a2fbcfaf83c71870d78ac9d3883e3,E,41,0,41,82.0
099676abdc4bc623ff45b684ea0b8a6d,E,41,0,41,410.0
0b1608b8a55df11b3d6151109711918d,A,41,0,41,328.0
0ff9940ddf3024e83f6af0b88ad7798e,E,41,0,41,205.0
13c7ac459f871f428a436333164da9e6,A,41,0,41,82.0
1468b15e2f69ac62ce5aad93124c5a9a,E,41,0,41,410.0
1b03bd089743cf40d099b6524404dce7,A,41,0,41,164.0
1b1894c85847cc2b22c88788bdb9ba1e,A,41,0,41,205.0
1ba6a6f2aacf61870fc080cc7a118532,B,41,0,41,410.0
1fe05c5d150f9afbb046e5f12a2dbb0f,A,41,0,41,123.0
23d3711fa9722dccc988aca25823d786,A,41,0,41,164.0
270d1fba2a1ef206b8f283b479fee906,A,41,0,41,123.0
297f2902e5e6851985d79ada24b76dd6,D,41,0,41,0.0
2bb2788df6d0c37a9682f7b83690b54a,A,41,0,41,205.0
2d1454dad9fa507cc667311b01590ff7,A,41,0,41,328.0
318b2aab45755392bef8121be31c7372,A,41,0,41,205.0
354e16715e2c168785e4d7774d2b8f92,A,41,0,41,410.0
3b59df19d89c0df1a222a4b7ac33ee44,E,41,0,41,205.0
417dbe541d061c96c232c1b1c011b8d3,E,41,0,41,205.0
485e66b8c86c4ef10c7feb81c5bc4cc7,A,41,0,41,205.0
4bfbcd81e0bab6d6cb459d53f116979a,E,41,0,41,205.0
532a5211caac673cbaf470b2de592fa5,E,41,0,41,82.0
5bff1fb2a7717a588c1bbe257a71cf8e,A,41,0,41,492.0
64ba02bcdb4275ed29c4f6f59c04e1c9,A,41,0,41,328.0
69887e90fae1e52865a4615702778b53,A,41,0,41,164.0
6c28521b5a26d63d38810eb4aab3b824,A,41,0,41,51.9
6c8b7f8e62a2a11d10a3a1a72dd1e89e,E,41,0,41,123.0
6e294a572d76dc2e1c1769518930a891,A,41,0,41,246.0
72a45e909bee3d425ae106616cea6ece,A,41,0,41,738.0
7c200f5b6e692dd5c832c3ef2778ae7c,A,41,0,41,697.0
7fb903907f4404bcf0744f461fe062bb,A,41,0,41,492.0
809c0bac021dd9b495b26f51835ed3d5,E,41,0,41,205.0
868d22da17cc1c0d2a8f6ca8d886d194,E,41,0,41,82.0
8d18ea02f04c12833a74c1db1d876546,A,41,0,41,287.0
8ddbe8e695851a9bfdf3e47fc5241e52,A,41,0,41,287.0
91382527ec2fb1aef0f2af9288e22aec,A,41,0,41,410.0
923a25af45529faf045a2a148c8924ed,A,41,0,41,615.0
942173a902167293f2fcc0259f2f931c,E,41,0,41,205.0
9abad87277337e27448433be09598613,A,41,0,41,164.0
9c43b6c8a4d849ef09a0f70a9e17ea45,E,41,0,41,123.0
9cdeacf7ba9ad94683cfe8fd0abb7a72,A,41,0,41,205.0
9d2633337792fcc7696081448142daa8,A,41,0,41,369.0
a285c545e8a0a3fcb118f9699af06d0e,A,41,0,41,2214.0
a4d3237ca38fe3862448b47a37a14417,A,41,0,41,252.0
a6355a2df7066a021449706c2c53581d,A,41,0,41,101.9
a6e31296a254846f25a8adea24ec139c,A,41,0,41,123.0
a94e4256b1b570914290905047b5d4b9,E,41,0,41,164.0
a9a20055cfa293ab88dc34c52ef7cb31,E,41,0,41,205.0
a9e98d81788403c18dd18abfc0b6b087,E,41,0,41,205.0
b4aefa6f6cb6c2bc610c4f3eb5f99182,A,41,0,41,205.0
baa6bd7cb56fd8731128c4b26e60de94,A,41,0,41,369.0
be41e8f8f5589afdf5ba646fbb7adb4d,E,41,0,41,82.0
c810c646fd80d72e1ab4e6a157826ed1,A,41,0,41,123.0
ced09c6b8600331ad5af4f7b2764d35e,E,41,0,41,205.0
d0062bd5dd5816859eacb1641e912d80,E,41,0,41,492.0
d7fb6026cb8443d395e1b64d2973aa21,A,41,0,41,123.0
e4bebf8bdb5d4dcf631177de4e85873b,A,41,0,41,341.7
e7dbc7966b443c5798a5670e32b80bee,E,41,0,41,82.0
e9d8446aaaa2d4d337a3f5c7f4e0d33d,E,41,0,41,410.0
ee60c77ce954a83afe2ebc3d0410fe1f,A,41,0,41,123.0
ef92065bd3fdd89f35b0b4a0fa516ad2,E,41,0,41,492.0
f34b4bacc9ad6679c0924760dc44e4ec,A,41,0,41,385.6
f3b360edf0e4a9abefc7b041f9ba694b,A,41,0,41,164.0
f5d2d5a0709683667d6bf050d95a0213,A,41,0,41,246.0
06ac193c32756d65919f4798c02aa202,E,40,0,40,200.0
119ffc93be8435acc6ab0aa684442218,D,40,0,40,0.0
1556645dbbecc8fa88f84c2fb9f9c1ff,A,40,0,40,400.0
156d9375dff21cec70e6c6b31d3a3352,A,40,0,40,80.0
1a6949ac4cbb380c20d0c2778cb1757e,A,40,0,40,800.0
1bf7aca714cd7fbb6fda00c198fd008a,A,40,0,40,120.0
1e88cda4847477f67218b76df82dafb4,A,40,0,40,400.0
23ee4eed618e7bf7897f6346d3c584d3,A,40,0,40,400.0
25a861a9482e15ad8d4f4d2c24ac58c1,D,40,0,40,0.0
2e3fe68c36ad1296cf99b646992e511c,A,40,0,40,120.0
315abe5cd2c3e854c7b617e35ebdcfd6,A,40,0,40,200.0
3eacc84c7b91a45bfd3e1213c9201779,D,40,0,40,0.0
3fd276410da7a483107aad03bd79dc5c,A,40,0,40,200.0
3ffe02272515fff2d83c955f3bcb10db,A,40,0,40,320.0
4256b6273a4c830221c8cfaed94d8315,A,40,0,40,3520.0
437763ce30c6a806f6351c90db71a0d2,A,40,0,40,1200.0
49335f180e4cd99ad0c7869c0e2bb404,A,40,0,40,80.0
5102f671d1ee46fcd9df9bd456946ccb,A,40,0,40,800.0
55ea72a7819886397c39b5ea5f8bee6a,A,40,0,40,240.0
56efba5f54a9d9aeb11d111a6184e3bb,D,40,0,40,0.0
59309ece99f23779974a2aad3ac3f067,D,40,0,40,0.0
5a9e47e647d35283cb949a22dbffee71,E,40,0,40,200.0
5b4303ca775bacf2fd301eff8b16f468,A,40,0,40,80.0
60cf2dfda93076f7c68a70ba6c9b8409,E,40,0,40,200.0
660966950cb655098175c0c194371afb,A,40,0,40,320.0
731208a14c4c12be8dc89bde27643d30,D,40,0,40,0.0
734802b55fe74d7c10fba891fcdfa1ca,A,40,0,40,840.0
78818564bfd03e5834a18987d13b432b,A,40,0,40,1160.0
7dfae88da3297bf6bd48ea10327014a8,A,40,0,40,234.0
7e7e0e430310ddc0ddd6f94d7e795441,A,40,0,40,400.0
832e50d5afb5bedcd69fb63e927dbf1c,A,40,0,40,320.0
85d3a83ee57557306399d035f0eadd75,A,40,0,40,253.0
89a8ae08de7257e4f03aa0ff0ee3275a,E,40,0,40,80.0
903cf891544a4ef9281a65322a3468e2,E,40,0,40,200.0
93c02887a7f34e97723655f11a22a48e,A,40,0,40,920.0
97f899b9f965ccf66db67a2abdd0aa95,A,40,0,40,200.0
9827e96f4fdc94fa0aa3c57a5d19b04e,A,40,0,40,640.0
aa0bdeb5396bcc1e8405585f126d0f57,A,40,0,40,3400.0
ae994a805664b085ad10ef3aa06d52ce,A,40,0,40,480.0
c0e569b80344c30636b62465bc518df2,A,40,0,40,200.0
c2d651275244b813c19d19c4236a72ec,E,40,0,40,120.0
d3162123b6b96e31852f5597d0740cc7,E,40,0,40,400.0
d4697a717eed956fb1804423f3449c32,D,40,0,40,0.0
e3cd725ad0bce5530b575ad64302837f,A,40,0,40,800.0
e4f7ebd6445d4bea9f55e9c4e0b5ac44,A,40,0,40,1080.0
e612c8cfaf83d9bf1f9ee7461a68a47d,A,40,0,40,235.0
e63c82ab834932d0fad25742d12b9fab,E,40,0,40,400.0
ec97f3e370ad149f0f5108bd99368680,E,40,0,40,200.0
f326810b976c79425f10ab334b26803a,A,40,0,40,240.0
fe996478a29214cee1edaa319f62f0ad,A,40,0,40,320.0
08fa1c4d04a640dda695f5ccba5bc82e,B,39,0,39,2730.0
09cc9232164a1bbbb8564a15763924e2,A,39,0,39,39.0
0d62ce2627dbbc2e0164ddd9aa278fe7,E,39,0,39,195.0
0fe94f7d52eb480f61a710d147448e3f,D,39,0,39,0.0
14afd13cdc1a02286eb3968882403daf,E,39,0,39,117.0
16ee0bb658083019f13adc8272791fa9,D,39,0,39,0.0
170d340c3260aca785f6a2eb0a69c0dd,A,39,0,39,312.0
1b14beb26c01158ce766068b0c520f22,A,39,0,39,273.0
21eb67b54f840f43656b61f94d5badd6,A,39,0,39,117.0
295f47ea8ae9b9c9359cb4c1845fafd1,A,39,0,39,195.0
2ffbc947b4af8c60b9df51dfca44d71d,E,39,0,39,78.0
36c9dce67feefabf29f940f873eddd61,A,39,0,39,273.0
3755330e5a220a5d5efb2a3b231c4609,A,39,0,39,585.0
396575ce4346ed129de4f3c4ba5ab91c,E,39,0,39,78.0
3afcc92480dc487ba72377be09fbc2d5,A,39,0,39,975.0
3fa2860c877c8413e19e27d1d719b3c2,E,39,0,39,195.0
45cbbd7e8de164ef37bdff1c768d4e56,A,39,0,39,312.0
4759944bfb3b10ff3c92b82b9e43fbfd,A,39,0,39,195.0
5382a223211ea10e5772c0eb3ad90874,A,39,0,39,78.0
58bd744d1bd50a1176a3ebe840722f6f,A,39,0,39,117.0
68bbcbb9610d13891fd37a5f11737329,A,39,0,39,117.0
6c29da47c51f47a8c9215f4aa4e9cf2b,E,39,0,39,78.0
740be8fd7fe51d7a14ebc08417d8a8be,A,39,0,39,390.0
76afc5a210056c2a8418cb5d79b06e06,E,39,0,39,78.0
78a5cbe61a7465d7688c15582355bec2,D,39,0,39,0.0
7b0f35850ef9b48e222320bf0f0453cc,E,39,0,39,195.0
84a97e9880d193a503fe52a2fbadbe3e,A,39,0,39,780.0
8b7df4d393307ca057c67c386a6ce7bb,A,39,0,39,117.0
91dbf0b8548d08700ec8bdd52c7ff66f,A,39,0,39,312.0
9566eb5c471487a02d7cd30084fa657a,E,39,0,39,585.0
97ae692139e6d0332082ff509bf9dafc,E,39,0,39,78.0
988e7348ad77ea52e773b7c174eeb523,B,39,0,39,19500.0
9ada8791cab886ad234cd32badbc701b,D,39,0,39,0.0
9fcb15bc619bcc1e343a55311566b4d0,A,39,0,39,1365.0
a03e106508225e76b52d99148765524d,A,39,0,39,242.0
a8e633337326c0ca38565b1c55057f36,A,39,0,39,253.0
ab6793171051741117f1375a111253bd,A,39,0,39,228.8
b258909c85135b05cf6100da99b85afa,A,39,0,39,780.0
c0e7047385083ea1cac0554aebe9b56c,A,39,0,39,39.0
c49459ef689ee288291aab49461701ce,A,39,0,39,858.0
cbf90ef2b75db9f35f93bafacf64771e,A,39,0,39,546.0
d118a21b28f3df037eb4d2f3568fdbcc,A,39,0,39,429.0
d165b1d229f3d724962b2182e2dd05e0,A,39,0,39,312.0
d198db693b5dc624f43dbfe440d8ccae,A,39,0,39,195.0
d763723e5a7233f1ae09b436b1a7aaf5,E,39,0,39,78.0
ed37d480ecfaaaf21b2dbfce5cf0badb,A,39,0,39,2730.0
f44b81c924f5710d97c5db793d6319b7,B,39,0,39,780.0
f5b77bbee65af4a8fd9c05c2368f91d4,A,39,0,39,156.0
f7d420a8d26306a70bccc7955e941933,A,39,0,39,78.0
fec3c4abd8a5897d500f83f2059b4272,A,39,0,39,312.0
055eea3fbc2764449214fa570daf76ed,E,38,0,38,570.0
068e970218ae14c473fd63fbb5eec18e,A,38,0,38,304.0
0ed3112debc4c3222a00da7cccee606d,A,38,0,38,950.0
1141559b1e23091dae50545ac1d9386d,E,38,0,38,114.0
1729442368c67684dc5d98be0ae01410,A,38,0,38,494.0
1de1eb1846e7448d254b86dae4a9cf0a,E,38,0,38,76.0
2843b171b13a0d4a51acd6e746a72576,A,38,0,38,570.0
2b564c07baa2c45a8c627e64ce8bee40,A,38,0,38,380.0
2f7e29717f6155b2c85c8c96d8b0e1d1,A,38,0,38,3420.0
32f90ae5c0b78d91446eeaf67188d5e9,A,38,0,38,234.0
3a39c0e4a02b0fed5fcbb308ac2ecc43,E,38,0,38,190.0
3d419734d2b69b8fc1ae1198883cbde5,E,38,0,38,456.0
4211f6a304ff87704fc46283776ac80d,A,38,0,38,266.0
440132b8beefef46530a7be384852355,A,38,0,38,228.0
476b6a034c99b7f35fdb2476f59d0af9,A,38,0,38,266.0
4c3460224781857ed1a3dffccd64bc46,A,38,0,38,190.0
4ea4339503bf559b22b40e6f2dab2f69,E,38,0,38,76.0
4f172d54ba630fcfc7740ef7d3fce133,E,38,0,38,494.0
4feb3ebed4cd92434c759859917ed045,A,38,0,38,190.0
55c99bd2de772d61dbbfe38837a4c9c7,A,38,0,38,608.0
5917fb5ac1ad1902eb48a7e3fc736c08,E,38,0,38,380.0
5c70c690f38c3ba45dd3a05bfa31d0f5,A,38,0,38,304.0
6c2328accd57561a41469e2b0e4a65a1,A,38,0,38,950.0
6c9a92804f4eb9c2229d270758e8c91f,E,38,0,38,189.62
6d24fbd30092137587751c935c5964a8,A,38,0,38,190.0
79baca9265c7734c89ade096591b5023,A,38,0,38,608.0
7a7313afc5b26204162fe497c2a08530,A,38,0,38,241.2
82485dc57d1c4b09ce21264df5895825,A,38,0,38,988.0
86a3b347cb0f0231170f254efea4e572,E,38,0,38,456.0
87dc1debd1e4854b382bb946d6fc021c,A,38,0,38,380.0
9c8e77d3a46bbd82bf344f7d33005576,A,38,0,38,76.0
a74fd939b94a87d8d07971329dff299f,E,38,0,38,190.0
af9881bb2e3debbb071fa9e8b617c146,A,38,0,38,760.0
b3619b6f73071b0cbc571af5df9152db,A,38,0,38,228.0
b5de114eef872b3a079cf125392546a0,E,38,0,38,380.0
bf15f10b1089b1b1e4d2e5afac1b7b96,A,38,0,38,228.0
cfa704b4066377ba3356f5d0953dfe91,A,38,0,38,380.0
dd34286490edaaa9c5dae6f7c823ece3,E,38,0,38,380.0
e267c219fe004bbb97aafb6d3209a395,A,38,0,38,1292.0
e6039e71f098023a387c5de9de76f587,A,38,0,38,304.0
ec4c76c5699f602607d96c8aa2dfabda,E,38,0,38,380.0
ed462cc33cd0c3d6922c7640b1297a7d,E,38,0,38,38.0
efdb4e5dce71f36675a7562084349eec,A,38,0,38,190.0
f54c84f16e91ac2c1137a8f504ba1db0,E,38,0,38,570.0
fd0287d8d7e5fa479aaa8b4ccf6fbe37,E,38,0,38,570.0
fec34a07c8838a4ea0dd07d3a585d5f7,A,38,0,38,304.0
fede9118011fc98722672da79ceffe7d,E,38,0,38,380.0
051178fe0012793ba93f3a29bb005668,A,37,0,37,111.0
0c4cfd90fe0b77586f6b86e7ac7b9aad,E,37,0,37,111.0
13296003381bce7eec69fdef12832f8a,A,37,0,37,74.0
15994b6263042e36a98291b46f2a2fb0,A,37,0,37,185.0
2366aa374e7eb10c2885bb7abfca4892,A,37,0,37,666.0
291ed47d1e06f6e94cffe9abb89bad59,E,37,0,37,370.0
338762bc7f3fab634134f532852a6a2d,A,37,0,37,370.0
33f027972c959e5a893291a47630bc4b,A,37,0,37,444.0
3400ed34f0fb8f53d14060ee7924024b,A,37,0,37,111.0
35c2f97c2232d47c006d045bdabfff63,A,37,0,37,370.0
3780236457322f9c56e6b1cfa468d3a4,E,37,0,37,370.0
382847b1605d98630c0eb19f0b2ae22b,E,37,0,37,185.0
38c3bdc5c1475cdc0b12d208bd6d1d93,E,37,0,37,74.0
3f3e57e7902eedc7ed1a70c63f19ceeb,A,37,0,37,199.1
431d76f63ae9234c4521a40d9116e081,A,37,0,37,111.0
456dcfd928c0b78facffbb88e6169de6,E,37,0,37,74.0
4b993409fc4c668dd9b559d1216736fe,A,37,0,37,777.0
518423369081c55a35f1bacc766075ac,E,37,0,37,74.0
57a0e7abbc22caa0ca373f17f994c832,A,37,0,37,555.0
57eec2040e4e8b29a4e8445367f17a90,A,37,0,37,74.0
59d5b98e7a97f45ada68412466d5a3d7,A,37,0,37,185.0
5c8dd9edd1fd640d638c2adb06c17db8,E,37,0,37,74.0
5cafa5260210500800436ad8ae79042d,A,37,0,37,481.0
5e5d1042aec27e2a0ce5a89e79e18c9f,A,37,0,37,333.0
6186979a7f4d6b77912cc50fcdfdb345,A,37,0,37,370.0
69225098379a11288031b2f2f27e298f,A,37,0,37,666.0
69db58e36668275071d7509c1635ad89,A,37,0,37,222.0
768078657f4a372002014cc4d43ed640,A,37,0,37,444.0
7b612597385c34624c36a4eba59952f3,A,37,0,37,111.0
7d3eaeab44029396bd938ef09117b852,A,37,0,37,1998.0
7e387c0ce0aec67f8712fcc307141e16,A,37,0,37,74.0
80286bf5b0f997dd267c2e2b0c1f4d99,A,37,0,37,222.0
813930b4b941f6871251f35db8d378a8,D,37,0,37,0.0
8223ccab4bfd99b3f3a144c7b984ed9d,E,37,0,37,185.0
82ab477c840627e4a6d4b15f1849407a,A,37,0,37,111.0
87e66fdc97343dcefe9bb5fb04ae2b19,A,37,0,37,74.0
8bea6b4f8c7fd72f0e6b17c1bbbda593,A,37,0,37,407.0
8d0b96b6ef068d607ba689be27e7188f,A,37,0,37,1184.0
8d3c50b9e25367bcbd99f46d0b967a32,A,37,0,37,465.0
901930bbbf0445195ec8df83381db565,E,37,0,37,111.0
90c7da1f4007cfd6ff202f2a5d81c3a3,D,37,0,37,0.0
9da59c12cc5fa7d46f8355f4219c0a39,A,37,0,37,333.0
a4eb15c7f418d44bfdac360a86f9fdcb,A,37,0,37,740.0
a8c1a2c1f838ecb997866115295f5c14,A,37,0,37,555.0
a97817b7eb654e85d69d0b2c2cd090e5,A,37,0,37,148.0
babf772f3133ae8a75cbc6152c73eff9,A,37,0,37,185.0
c62e5c4daacaed84e17b1cf479a8d7a0,A,37,0,37,259.0
c970c61f60ba722124efc813c74f7e12,A,37,0,37,74.0
cadb6608dad8a35cb7ab26de3f6f1a35,A,37,0,37,296.0
d058e39711da1a3d8af742182d3bda1f,A,37,0,37,185.0
d44f249dadc2084480eb6fc30fa682b2,A,37,0,37,740.0
d7ff4016f60b19927faec0fe90f4dd99,A,37,0,37,222.0
d8a8aef8f409ccfdce7916701a689239,E,37,0,37,185.0
d91075f1a67337fda623c07ddc858a68,A,37,0,37,370.0
dded58595a412b9ed7bfc544fb521fbd,A,37,0,37,3330.0
edc2c888b2ab609e25b5a76884d52325,E,37,0,37,444.0
f6bce49aaadd1282fbab7c1c01fe9102,E,37,0,37,222.0
fa6b817f6b3da43042925c182ffa8c6b,A,37,0,37,666.0
01f702fe256ce853a6e4ac31eee3efe5,A,36,0,36,144.0
0426811019aa86919657fd6fcdfc54f1,A,36,0,36,648.0
05813cb128debbe4509216d57956c4c2,B,36,0,36,1080.0
06189a68f000484250d2929cfecb7d59,A,36,0,36,108.0
0fa01098928b7ea5992c72e28dfb5004,A,36,0,36,2880.0
10a03875d3620b885c7f01b9e99fc3d9,E,36,0,36,180.0
15234b488a84de6e311b93b5700a73ff,A,36,0,36,180.0
1846d0eda12d038a23662fb84f3c62bf,A,36,0,36,180.0
1e90fb0eadf19083af209f491acc875b,A,36,0,36,180.0
22e6b941bc4ea43d0ec4fb7ae9f38b87,A,36,0,36,108.0
2380e228f3d13892aaf7ac0f88c07125,A,36,0,36,108.0
24a10037ad0fb44264fffad9fda59329,A,36,0,36,252.0
257a259be8c62debd71d69a35fa05487,A,36,0,36,468.0
286d37a897dbc4761d3bb18c0c883efc,A,36,0,36,360.0
2b119d22841f3e6a3de163cce0bdd7d6,A,36,0,36,144.0
2b9ff51d38de12014c0da6ffd3ad9af4,A,36,0,36,72.0
30d0034803bf27457234dc53a89bbfa6,A,36,0,36,1116.0
32974b1a90e01d30d6141f7746d2ba85,A,36,0,36,72.0
37587080d6924f858c8fa794c31271c9,A,36,0,36,108.0
3dbc06550c7fc8dfc5a70583c22cee29,A,36,0,36,396.0
3f01323abfd0a558ccbc542de044a6f6,A,36,0,36,216.0
4061a51c32574eec6e3da4f715b7e4a8,A,36,0,36,36.0
48fcb2d8e7c91e4c4fe0729b0b170c50,E,36,0,36,180.0
4b595354435d032b649b3bb28e9e3e02,A,36,0,36,288.0
4d3681669b2f5b308dd7c9d50db41c3f,A,36,0,36,216.0
4e3c1a524c4d2e847d032342633e5473,A,36,0,36,36.0
537cd35a934227850e6015046008e318,A,36,0,36,1080.0
55637792601b9b937ee6229438332a79,A,36,0,36,288.0
740c4b9ef372bd331d1da3baf11e53e7,A,36,0,36,108.0
77b11ed7c7287976951a4d1d212e2c22,A,36,0,36,540.0
7d18a17e5fc0b9e11e20305b4ec949e7,A,36,0,36,252.0
8069ce1752e943739fd47fd9713ceb75,B,36,0,36,10800.0
8de4f39e8746b2a32c85f43e7084cb6e,A,36,0,36,180.0
8f0452f57cdfecf1e45d9cd89f6e1f0e,A,36,0,36,72.0
929169dde39c9779f2b2a6c86c4ae064,A,36,0,36,216.0
938952ab6fc9797f704c232cbc0a16aa,A,36,0,36,540.0
9ee96316a2d93bb390e621305c90bad2,A,36,0,36,180.0
a26672b8b1521acf8ad139cb04fd9c9e,A,36,0,36,144.0
a5ef1060587c2b9dda541de1cf89db45,A,36,0,36,1756.8
ab149ac1d55785f5fdafe1d43fd4026c,E,36,0,36,180.0
ac50c8107f6e2cad816c8af897734ea2,A,36,0,36,319.5
b3319bd9e2a4fe7f317f300775981669,A,36,0,36,284.0
b55a43ffcec3b842fe0fdbfeb35894e2,A,36,0,36,144.0
be6109daf89050f2a1cf8f1c8631a61f,A,36,0,36,252.0
bf1d9d35ac31d8f2c4816db1fad04d27,A,36,0,36,180.0
c03c3e3775d5e7fb724f60dedb0fc772,A,36,0,36,235.0
c08f2979b4f32b2a2fb6d3d88e498f96,A,36,0,36,180.0
c645811f30bdd727902feb65137a77f4,B,36,0,36,360.0
c66bac6bb45a5bdb183364d929a2ffa8,A,36,0,36,1440.0
c8ac028932c317c4fcc50e33ea5903b4,A,36,0,36,504.0
c9b64e7224c334039b6353683ee79d88,A,36,0,36,432.0
cd619c34afcb10b88ab578c253e8b6ae,A,36,0,36,540.0
cfef706750b97e0ec7c7fb3dbe7e3a6e,A,36,0,36,1756.8
d5be5dbe99424709a33614bfddc54ae3,A,36,0,36,180.0
db1a817203c590813bbe9249cb826c0c,A,36,0,36,108.0
e1a5037d78bbe82c236d9809d8ead521,E,36,0,36,72.0
e289dee87004244644afc66d8e3fa5c0,A,36,0,36,252.0
e434f6fd79427a1c6dbeb6b9c41adef1,A,36,0,36,360.0
e5b0651675f69c41da846ba9e1475c30,E,36,0,36,36.0
e7b55154230694a35cbc8a6aa92278b6,A,36,0,36,396.0
ed77277954521169b448f7338d438c4f,E,36,0,36,36.0
ede0228990d1eab5621a25e9b15b90e0,E,36,0,36,108.0
f324503c462d9b12b9c5100f78fa0640,A,36,0,36,108.0
f823bac1c4c7e13a4b551de7c632cd08,E,36,0,36,432.0
f9613fe4abfcfac4d714397424c6d3a0,A,36,0,36,108.0
fada1cbe4efe862f385aaa541a9ae661,A,36,0,36,360.0
fd9f1bdaec428242ab0e725055f44380,A,36,0,36,180.0
0151a2f2d749733ab24cdf97eee13900,A,35,0,35,105.0
04b0e15ca351cc2a1fa7dc15f2b8057f,A,35,0,35,70.0
059dbaf3162fd80b3d936d7d9bdae7e6,A,35,0,35,140.0
09294abc2faf7fe7a7110a2bfce2d6f9,E,35,0,35,175.0
0d661ffb2f23fd536625b244b0c58145,A,35,0,35,210.0
17c743b13ddcf5f9e413457af766d792,A,35,0,35,280.0
2300d8171ca46be1ee5a72d2837c1b6d,A,35,0,35,197.0
28b5aa79eb2229853066532d16b65dc8,E,35,0,35,525.0
2d5e1c730834f310126197f9c74e0071,A,35,0,35,224.0
31c9eeef3aef03d31b13a9be85faab94,E,35,0,35,70.0
37910d2b0e1f92ef59d2456a99ac76d3,B,35,0,35,700.0
3aa9e850e8d48ea91603fa708c385364,A,35,0,35,280.0
4aa1070651e76f3b1248edd64e5f4973,A,35,0,35,105.0
4e175536e41876fd726c22ef127e2417,A,35,0,35,140.0
567b4eca9fece07c5c15bfde5cc5fe59,B,35,0,35,350.0
57ddd449aaa5c345529cbbe79175fec7,A,35,0,35,350.0
59eb841bd21bf700bca4c0071678d17f,A,35,0,35,105.0
5cf2f5d3d63d1754a18a1d2d4c7c88da,E,35,0,35,70.0
689eeeec1e6c07125a0e1af9cd35f683,A,35,0,35,280.0
745d2989810a7ca9e50a5a4df478c725,A,35,0,35,350.0
7c3cce7a637fc46b7f8adf6982637d01,A,35,0,35,315.0
7d1f39cad69f99c40c3fdaef0639887a,A,35,0,35,420.0
85b007919b0098637f8fe1383106ffb2,E,35,0,35,350.0
901d6249ed00b9c3a77645830def40cc,E,35,0,35,245.0
91d74f43f65036e2cf28818a21cd0cd3,A,35,0,35,175.0
930d98612eb98f60f066d27366929e51,A,35,0,35,420.0
9399ce0a004eedbb4d38c3272dc7b8f5,A,35,0,35,405.0
9a050df9ec7da9dc62f124836a69cd58,A,35,0,35,315.0
a2c32a52e9e6fbbbd65de06efa591903,E,35,0,35,175.0
a71f5361fbc8b681f32d500d629514a2,A,35,0,35,350.0
a816aa7250853b5912a7610c2354dd45,A,35,0,35,245.0
ac0836110f869866328ed4fd4e687236,A,35,0,35,700.0
b249809b64688bb1d149198bcacd43dd,A,35,0,35,280.0
b2ea3f2f644c4ae919643d07c2f8de68,E,35,0,35,350.0
b3167ffc3c7125496209465003bee147,E,35,0,35,350.0
c4fcabec6a0e3f5de17ae33ea6bff12c,A,35,0,35,140.0
d5880bcd7b4fb6238c38d8b9c444f7ce,B,35,0,35,1050.0
d5e7ad9a877ec3a52e8422daf7b42208,A,35,0,35,175.0
d8e408978188d347de1610645164e958,A,35,0,35,175.0
d9b918d3092f1e565921aebac277f89b,A,35,0,35,297.2
dc83b56dd5993cec898cd542f63736a8,E,35,0,35,350.0
dd3f58e54d1a05981052729e09be665e,A,35,0,35,595.0
ded081857239b7e19f7b4abceea651d3,E,35,0,35,70.0
e311fc6c8b62782337944d8dae3e2e1a,A,35,0,35,2800.0
e4811a62beb191f18f0c2b0f7acc38a1,A,35,0,35,70.0
e7b16892e03b0ef72e8c48dc8ceb8716,A,35,0,35,223.0
ea13a64a92cd01f9b25bb78aaa27264d,A,35,0,35,840.0
ed9c5d082c96dc35e885e58102015569,E,35,0,35,105.0
eedfca32d8ef44e5f3e7f9c63698cc7c,A,35,0,35,280.0
f0e8b4567f65c46e9e50f2b17be5d4cf,A,35,0,35,280.0
fc1b9d818b8301f1277f0d1fe6ee3be2,E,35,0,35,174.65
ff2e1d0854ed7d57ebc0a64177ed3f56,A,35,0,35,945.0
01c289089b655cc49820914c1fc65a12,A,34,0,34,204.0
070526bb7e03adbe0d66949a58fe2ed9,E,34,0,34,340.0
0c16f836e3aef7f70c8f5b2101a0dc81,A,34,0,34,272.0
0d87aaae920a8eb4ceffb5ca60288c1e,A,34,0,34,238.0
0f7d97066181f4d4cd3fe356cf2c98bb,A,34,0,34,408.0
10fc538cef70b1c8d0124ab263038731,A,34,0,34,680.0
12b0fc8496f10433ca8f6b2a99fa3c91,A,34,0,34,0.0
1569bf328ef9bdc417cb183c14b6ee1d,E,34,0,34,136.0
186780071f216fd071d5b71f2d1c7fd8,A,34,0,34,170.0
18ec2fe44c6dac04345ac2500e95b2f8,A,34,0,34,204.0
2423710686fe361658a0ceffc944287c,E,34,0,34,34.0
2b5eed3c02bc49a7e8d85ada9dfb10fb,A,34,0,34,102.0
2bfb13331392cf9bc9a4156ef80a1d49,E,34,0,34,170.0
32f903991fdc6ae92ac0afcfd0a44816,A,34,0,34,272.0
3c046adc453d17b1a604112c114e0d7d,A,34,0,34,2890.0
43e31338105e40434e332597721f69d5,A,34,0,34,1292.0
492aeb68aed966ff08f8c8d605aca603,A,34,0,34,242.9
4a64caf78084558baf78e3d3b141e47a,A,34,0,34,238.0
4dd3cd9990c27b913c49db605a6293e9,A,34,0,34,680.0
51f9f2d8704233bb179d8cf623f21103,A,34,0,34,510.0
5a1f9fab7721063847eb450f84458d15,A,34,0,34,204.0
5fc1d06b8ef324ba9138dbcdb12b01dd,A,34,0,34,986.0
601edbf26e4b0711ff1cf6fd60020d46,A,34,0,34,136.0
61c93bc75fb7e905438e27f76fc8aa24,A,34,0,34,1156.0
6cd1c5abd61ba63df970f524ee24b4ad,A,34,0,34,2312.0
71475d285fac5edb870073efdea498b7,A,34,0,34,221.5
72a75fb97a4898c810e593b8f0de2821,E,34,0,34,340.0
75ad267cda002fbe4ee663cf7d703d3d,A,34,0,34,182.4
762832f983453a5937f87ab7703a4e7b,E,34,0,34,68.0
783d05ba40a0017bd42e6f718a7e1e5e,A,34,0,34,204.0
870239860055db28c2689597850b3f77,A,34,0,34,2992.0
8c0c7c9ab7e1db17d087f1cda11dc1d1,E,34,0,34,68.0
8d101e599b66daf488900ce2f252c374,A,34,0,34,102.0
9cf19778b88a1f5314a16f487e73fe2c,A,34,0,34,204.0
a941e658152de0091b2e1a70b2078539,A,34,0,34,646.0
aee1137cefa7d573a3108c85c6ee68c7,E,34,0,34,68.0
afed0f03afb67e0c5ae4913a9312dad9,A,34,0,34,476.0
ba23a591d9a4f5d05003fb7ec46e2c30,A,34,0,34,340.0
c13d465a5ebb602bf548e0da393718de,A,34,0,34,170.0
c317cec465ad8653dfb46e441e8e53e8,D,34,0,34,0.0
c6c1789631c7a566978f67f86686f90b,A,34,0,34,272.0
ccb40ae9407dc9b9017382fa30086bae,A,34,0,34,238.0
cebdfaab3b4a968ac7ea3071bc37ee9f,E,34,0,34,170.0
d03c4c801ef48129149cf2d0f94e7b9f,A,34,0,34,136.0
d1d5830b2799042d086569e5993d4acc,A,34,0,34,680.0
d29803842e170c19bc2a790d7133b447,A,34,0,34,170.0
d34d980eca9ffae8d9138613f2e3c05b,A,34,0,34,578.0
e007564889bd54e1e9bbf9792fcc72aa,A,34,0,34,748.0
e05bde82d043b39ee33a816e48e7a569,E,34,0,34,68.0
eaa2cce27f2bb42786ca2e17f8096492,D,34,0,34,0.0
ed08e83505362df957f81385d3c3e896,A,34,0,34,748.0
f1c010b3cb64563525c76da3eb77091e,A,34,0,34,340.0
f200192322d616dfdce94d4c2f6afb8a,A,34,0,34,102.0
f4015a7ee5d778ce9bacdaf3876e89b3,A,34,0,34,476.0
f435f3f283ce15005765bd248f0b1633,A,34,0,34,510.0
05f7be8525386b2ca49a565beed4aec6,A,33,0,33,165.0
0a714dbbedab89d5e737a7940d8b44ad,A,33,0,33,66.0
12ca78373cf6e0480664bf1f97b36517,A,33,0,33,198.0
16987435a024e0a4228e6a246198e80e,A,33,0,33,200.0
19e35177b6e52c30a730fad7d2d0b0e6,A,33,0,33,99.0
226a22e0e769c49c330f5eec08cc4225,E,33,0,33,231.0
24b334a4085f224ab60c713e1c32c8f2,A,33,0,33,66.0
2aa8f3b2d13b6c7c5c952e28bba77286,A,33,0,33,660.0
2ff3142061d7809dfc75406a6ca51ad5,A,33,0,33,198.0
301b561032addc9d971f10ef0f915da2,D,33,0,33,0.0
354c9d3ebf5f51a51630749b4ee14c8d,A,33,0,33,231.0
37e9a64fe5464c5d392735132dce9030,A,33,0,33,924.0
389d66441ccade5b3eda14cc98c61796,A,33,0,33,198.0
3c20fe15e9f39148182273eaca5805b0,A,33,0,33,231.0
3c30d22c37a09987960a24f138c11cbb,A,33,0,33,462.0
44d6cd414d1e7e96216e453c128f8b95,A,33,0,33,330.0
450573cdff9a6827de6318ee5f689e03,A,33,0,33,1650.0
467889c77b43655e294823d573f8f874,A,33,0,33,330.0
469aab14ae0625c064e8e68a304586b4,A,33,0,33,330.0
4abfabbd1b87124ddfdd815301eba9e0,A,33,0,33,205.0
4b7fd9955cc50bf5f79ef32b1cdb1d65,A,33,0,33,396.0
545f808a45560eb2c855bcc25cd40686,E,33,0,33,330.0
56842030974eae781022c4b397671edf,D,33,0,33,0.0
60e8084a6af831be488c07aa48422a4f,E,33,0,33,99.0
618871e3d2503e5242195d12f95a90d0,A,33,0,33,264.0
65771d542b08c894182b7882b3bfe5a4,D,33,0,33,0.0
65ff2386f9f8476c0018bc1328f96177,A,33,0,33,99.0
69cffeff5606d1077ee82dfa36ef4da9,A,33,0,33,99.0
701cdf424c14e0a8bbc9a984335bb1eb,A,33,0,33,363.0
71a146a89d354654c6d0ac311689519a,A,33,0,33,330.0
7a9be3673ab54381868f078c65ce1ad7,A,33,0,33,561.0
7aba4d7bf29915204bb7467ccdc8a627,A,33,0,33,330.0
7f2fc959a48c64a26c26a726b7281981,B,33,0,33,7920.0
859eaee387bd79a831ed471ba7005f9f,A,33,0,33,627.0
871bcdee6addab9f2df7126c1bee6719,A,33,0,33,199.0
88582b36849e56af5e8ed000c2544262,A,33,0,33,495.0
8d0d7d3d11ff98319e5e604cc1f0c4d9,A,33,0,33,231.0
90f4c9ca38488a7f67068eaa1d0d9134,A,33,0,33,165.0
91998f519dd27444c7eb2965f210e353,A,33,0,33,198.0
9475b4f4bb765308ea23c451de8033e0,E,33,0,33,165.0
996777034633e0b410ac08cf9fad1511,A,33,0,33,99.0
99e671453bc07154799c36796a705202,A,33,0,33,132.0
99eaed30dd19cb0b87b685acf252a25b,B,33,0,33,16500.0
9e7065cb27463fe078e162097f2711e6,A,33,0,33,99.0
a15cc88d4cea1a2c6ebff971ac951890,A,33,0,33,264.0
ac8cbbe6ac0c26c05f0cec43397a0fe1,A,33,0,33,198.0
ac9ae1c848f338d5649f4825e70b1744,A,33,0,33,245.0
ad70f92106ffbe7786fe8cad0d68270b,A,33,0,33,257.0
b2202f920d4fbc08d504f35929f78fbc,A,33,0,33,264.0
b24a3d2723b20d6ee772a8a23061734b,A,33,0,33,208.0
be312fa3c7c328f2bc72b369307604e0,E,33,0,33,132.0
c2810430370d87fe025f92fbde76e2fa,A,33,0,33,429.0
ca31ed2039df7c55a0252f833e8da5e3,B,33,0,33,7920.0
d526a43bcaceae0eec29d53e4c495135,A,33,0,33,66.0
e6f21ad897d53dcd497d27b10069661f,A,33,0,33,66.0
eb2987a3c4106b05ab9e4329233b2aea,A,33,0,33,198.0
ed6c307caafd4a5da5783f453c7689ab,A,33,0,33,231.0
f2939e0e1a66d9d7f1a007fdd57e4a56,A,33,0,33,99.0
fa6e11774568cb459574192b1d823b77,A,33,0,33,99.0
fed175ca4e644f832db9acbe324fd874,A,33,0,33,132.0
064e7ddd305b36a2e0bf7cd15a6f78a7,A,32,0,32,224.0
07a2a7950abe6374e259bc1b6baae197,A,32,0,32,96.0
09ec3648f9306bd9336cac453790c0b3,A,32,0,32,416.0
0b467997ee3b3fc5660533d1e8ed8ecc,A,32,0,32,96.0
0b6eade859cb882577b90439b362063e,A,32,0,32,320.0
0c04bab8372973f437a0801dbd7c900e,A,32,0,32,192.0
151a0a4e41282e2135d70dd5e87de1fe,A,32,0,32,704.0
1d04078047b472e6b886f1f01d0c87df,A,32,0,32,192.0
1d17beb40a804bc76536914bda89cdcc,A,32,0,32,320.0
2267ed38896e31973264d764929dd1ed,A,32,0,32,192.0
23d2b4584af1c5ad5ae2929ff1f7c06d,B,32,0,32,320.0
278286605833816c9b362eefc5321485,E,32,0,32,1827.2
2e0d6de3078e025282ef83f8fab39ff3,A,32,0,32,320.0
315035df7261805cbed1d3e1e6647bfa,A,32,0,32,160.0
3291179bcf455d0b54b58b93dc57a999,A,32,0,32,101.3
3526c8a60c77e9ad680a54c82aeb1a3c,A,32,0,32,320.0
36ca956e02920baea30b0425b78dee44,A,32,0,32,160.0
3aa11b271fdec6617ded9b7ea64b47b0,A,32,0,32,640.0
3d7fdd926d166b4bf51c195faf7d8539,A,32,0,32,288.0
46c0220ac4ca3104c8e4c5a636748611,A,32,0,32,192.0
4759ba0e3d19d740acdbdb1b8160c2bb,A,32,0,32,192.0
47b492a898102b3f9779239ac8e73543,A,32,0,32,160.0
4826cc346841de4f895e7a95ce9762b7,B,32,0,32,320.0
4920adb959aecbd7561b24e0b945d2e7,E,32,0,32,384.0
4b376a455899b4a5936fe0cb45dc70ad,A,32,0,32,384.0
5152dc317a293d87deb97e8ea27e0eaf,A,32,0,32,225.4
5899f88839c3b565996b6e5bb6f1f940,E,32,0,32,64.0
58d9dfa4ea0cb8e3e8c3375365c10acd,A,32,0,32,64.0
6146de913a605cdd8633867a3ea149bc,A,32,0,32,96.0
650f36311e6ccef8eed510b179514cff,A,32,0,32,672.0
6c83ad9183136db311c3d55fa98901f8,A,32,0,32,384.0
7114619ca0ad7c33238fff1103746e50,A,32,0,32,352.0
72a53b3e2b06037b923d2340e287743e,A,32,0,32,302.5
7aaa65c46d86a565f3128cd354ca6cda,A,32,0,32,192.0
7cb468d3977950f09910f6d65a1036e1,E,32,0,32,32.0
7e8beb8d9fcd3e64f935bdba62347a7a,E,32,0,32,64.0
8261c508377662af685be5001ed96997,A,32,0,32,160.0
844acaa245fb7545eb4fd42924a59a15,B,32,0,32,640.0
845fe30a3140e44032727c2de5672118,B,32,0,32,160.0
8a915cf24d62ddf7f89bd7df1f7fc6ae,A,32,0,32,96.0
8e628443d1541c2d1f09779c8b770e39,B,32,0,32,960.0
907852aeaa08f70d0be9213b7c5c9c58,A,32,0,32,640.0
91fce2e30cda1cf102c76e16d951dcae,A,32,0,32,256.0
953b5c19261401a63d6b698e43727001,E,32,0,32,159.68
962ce9aa2c458058d805b4689c8f1d1a,A,32,0,32,544.0
97146032d3c69e47be45b0334a2804a3,A,32,0,32,96.0
a1eba093110effc6c66743cbfeb1f877,A,32,0,32,96.0
b14348dc2b6def05c6266059008720fb,A,32,0,32,256.0
b66f17149c1b8511f7fddab35de9659a,A,32,0,32,197.0
b76aa57444a7fccf84357e5fd5f2578f,A,32,0,32,320.0
b778acfa825c8e42b0751ed528afa8e6,B,32,0,32,320.0
b94c0c4c7a44cb78657a02d912c4af17,A,32,0,32,256.0
ba13cd27ea419bf4afcd8f9cd1451af3,A,32,0,32,160.0
bdb91817bf5eabf3c249d5312c93d2d7,E,32,0,32,96.0
c1b89856652146dcdaf6f42fca45aaa4,A,32,0,32,160.0
c21a2d254882ee50ea18196ab65438de,A,32,0,32,512.0
c7f6754e3c36b016dc2dfcbc2570a105,A,32,0,32,384.0
cd18b236b2d2a108dc1edaa8bb443363,E,32,0,32,320.0
d3806109db4e5b1a922bf8dd78c7c879,A,32,0,32,256.0
db7b82a002c4a7b755d2fcbb0291f489,E,32,0,32,160.0
db95d513c75fd7e28b7552d5f49167a6,A,32,0,32,96.0
e0c6e535510c25f6eb57d4e558d518ac,A,32,0,32,416.0
e0d14af14e0896cd80b95782f7702fdd,D,32,0,32,0.0
e0da5bdaa6a9d8dc09bc145f161d61fc,A,32,0,32,480.0
e11f33debef2ec264972f2def69a7dd2,E,32,0,32,160.0
e450c0242bfb0f1492f4492d128efc5e,A,32,0,32,544.0
e8e6cdedc1cdda1f6ed1e80e89cf9a8a,A,32,0,32,352.0
ee494405ab388fe07178f2796952d12a,A,32,0,32,480.0
eecb1188cdb8af4b38738e2dedbe1df6,A,32,0,32,160.0
f11e89068c493b48dab8e42a00819246,E,32,0,32,384.0
f38459d876d328bd3fffb63fadd27a4b,A,32,0,32,187.0
f97b7b46c5b3413da4900c3a10623391,A,32,0,32,256.0
0016e618dc4fc18d9883af4792a47310,A,31,0,31,124.0
00a1ea674422330689b0e90a9465af8a,A,31,0,31,310.0
0530215f55bca6f7ffa7635370df3fea,A,31,0,31,62.0
1282f7e924bf2c0e0aac7916205d164b,E,31,0,31,154.69
146111a41e9d2c2cf433f9fb03daa16a,A,31,0,31,93.0
154428033ca2c81219fc1225bcf3c380,E,31,0,31,155.0
1801ac78b9e403abe5c7276941cac9cf,A,31,0,31,93.0
19096bf6d9c65406f9420cc090273976,E,31,0,31,310.0
1b121b0b82a816793d087feb276810f2,E,31,0,31,1770.1
22187da5fb65993845770f769118df77,E,31,0,31,310.0
24e377ecb949839e61411e3b8c1824aa,E,31,0,31,93.0
260c3d26eb0c21c568e9eedbba894839,A,31,0,31,248.0
2d3d3c957f42953ed3bfd70177e8a76d,A,31,0,31,279.0
37120be0ec7335db9f18a706e3ac4f6d,E,31,0,31,62.0
41eed9a7263be65477971f31ef978e2b,A,31,0,31,155.0
45e682a9487f03fcd025b0563a23d7e0,E,31,0,31,310.0
4b048a20c6d1a1630a19d14b5660b171,A,31,0,31,186.0
4d07f1c0a26c91ef0adc1291ff891637,A,31,0,31,93.0
4f9f8b5c379d3b2c738c452f9d637095,A,31,0,31,775.0
50945191988ecaa941432fc5dcbff677,A,31,0,31,279.0
5f01c618fe2724081c48eb507d688bf8,A,31,0,31,186.0
6046a1046e5b975990cf0dc086ae57f7,A,31,0,31,186.0
643ab3d0735938bb7d53865bf714c2dc,A,31,0,31,176.0
64a4afecb8641dc57ec59e9fb0c26f6d,A,31,0,31,279.0
66ab6fce0ca7fc56f93828783214b315,A,31,0,31,93.0
67442cbeff9520f49ba83442f4a9de5c,E,31,0,31,62.0
68fca6d731b0371d71f0bb87579f4003,E,31,0,31,62.0
6a580d58dc55eb8aa1ef2082247dbbbc,A,31,0,31,93.0
6fe3806c3fc3d1a9050ebd77c8cb690d,A,31,0,31,620.0
70829968c6cb2ff6623d60fb01caacd4,A,31,0,31,93.0
77c532458ec75fa0aace3d27aa7fd9f7,A,31,0,31,248.0
7d38a36de22fda9b952638803d7fc257,E,31,0,31,310.0
851030b32d3987ae6717172e62d3980f,A,31,0,31,1023.0
85275543588afeed54b0d37ea749785b,E,31,0,31,310.0
86dae55a09c0684d42c3498f57119d20,A,31,0,31,744.0
895e8b76a5c7b7e62f5709b762057a8f,A,31,0,31,217.0
8b79bca032ca76257703c915fb020d8e,A,31,0,31,155.0
8d1080da9aaa4d5d11182e57bb13e139,E,31,0,31,93.0
9259daab942792b31360cdbdb0247d20,A,31,0,31,93.0
92bbce1771db93e5b41953e6a0035fff,A,31,0,31,31.0
957f22397e537e823a536bf3a5d53023,A,31,0,31,310.0
9ef3efea37f3e71c8fccfdb26be4153f,A,31,0,31,186.0
a711c1e701c5967328a829d9fc73afce,A,31,0,31,310.0
a88753e4afdf2e65e007ab3a29293d2e,A,31,0,31,186.0
a91870dc58b20b7cdebac91b273da315,E,31,0,31,93.0
af40553136474caec453a869028ff0be,A,31,0,31,62.0
b439b7d96343ead5227492d2bc9084cd,A,31,0,31,217.0
b51a332080b864b7db46120c567d8106,E,31,0,31,155.0
bafa0e557e7944449b43a7bf6430ba9b,A,31,0,31,310.0
c0b39fb68d7d3ad66ff172227de2d466,A,31,0,31,186.0
c570173f1c4145fc997c73c7c8c20c09,A,31,0,31,620.0
c58ff2ebf3c021803ad1a76e5b9c5c39,E,31,0,31,154.69
cb7552fcab7a4861c02c0ee34e704be0,A,31,0,31,310.0
d2dc8380a7674725a991350a01cf9b39,A,31,0,31,310.0
ddc39666e97dd0f4351387573a8e521c,E,31,0,31,62.0
ddecec1868b6dc0c65e97efdcd6b51cb,E,31,0,31,155.0
de186bda27ae5875f76320690ddd5f22,A,31,0,31,279.0
e0c16417cb28d1c98ac0f6ce63da515a,A,31,0,31,341.0
e31e9c720e79c22e95d1c9bb40f527de,A,31,0,31,93.0
edc5b7aedd5262583085acbd2d025a2b,A,31,0,31,310.0
f99de26335bafa6960b79ee76588c514,A,31,0,31,62.0
fe572ee595d728599d5d4918280d454a,A,31,0,31,93.0
01cff53857d6c63138069f81283d83ea,A,30,0,30,540.0
1078ef76fd8cea03f341ee921f8c7208,A,30,0,30,180.0
1bfc683a2cafe36cfbdba82de9dfec14,A,30,0,30,60.0
1cd4297b02bb075d153af661e4f7ecf1,A,30,0,30,330.0
1d0a35bdc1cb3b6ce28bf813753fd00c,A,30,0,30,330.0
26550bdfa72de67187de275601f08c90,A,30,0,30,236.0
2afe39b104a705ab31f64cf74043ebd1,A,30,0,30,90.0
2b55940081bec4193899e1ffb4dee783,E,30,0,30,210.0
2c0662a7548a8f1a296f351b9c25c3b3,A,30,0,30,240.0
3054d4d2448bb11a9bcfcb4b40c40e8a,A,30,0,30,60.0
30db9105d200f837004c9e4c24ca3953,A,30,0,30,204.4
311bff0943a64f92f1b4fa2dd5b296ae,A,30,0,30,60.0
343ff6df720bfda989d985984eb6c051,A,30,0,30,240.0
38e42b00120f5691c8692a578455f59d,B,30,0,30,15000.0
3be9758e8337b13053f4c31e5b85aab7,B,30,0,30,15000.0
3d050fd3c9a6e347c2b6fff27cd30d03,A,30,0,30,60.0
3d2cd541ee7fb11dc7ee7fd784e6410c,A,30,0,30,210.0
4ea4a9bc9fd5d80c8c172bb9585b73db,A,30,0,30,600.0
4f85197f0d5bf90aa43815d9f18e8092,A,30,0,30,540.0
56357ae5828855a1a6b3611325da8cf5,A,30,0,30,90.0
58b737d7d751b341868156964242503d,B,30,0,30,9000.0
5aeab0ca9059392b4fc17581abf4188f,A,30,0,30,150.0
5e1ee7b9dc241d809c5378826f3fbfd8,A,30,0,30,180.0
5edfed52ab8d2230b482a36128362bf7,B,30,0,30,900.0
5f5ef7067e6cfe4f28dbec16c13201f9,A,30,0,30,270.0
60260ead9d6c77eabdc05a92607ef353,E,30,0,30,300.0
61b5a882e0bca91356cbcbf1bcc00df9,A,30,0,30,150.0
681732e9f8461eef16e6da0f24c9ae13,A,30,0,30,90.0
6ad72cc1c5c810864a1a36ef85bf2d79,A,30,0,30,240.0
6bfb0a490a45a90a0223465480205684,A,30,0,30,210.0
6ea38f2931c9635ad2083a76aa3e68a7,E,30,0,30,150.0
71bf08698bdaa35aa64cf991dbda08e2,A,30,0,30,90.0
7225cceac03690e5079110338e13dbc0,A,30,0,30,2100.0
729b1af12424f5bc08855251d1e5a6fe,E,30,0,30,60.0
75e8c98718597c8e7dacb2f47a9d1c20,A,30,0,30,750.0
7bd2386fad76851138550d70cfd60c45,A,30,0,30,266.0
7bf30262abde32f3c5d45ae947228322,A,30,0,30,750.0
7d4d41cfb986724e48c9b2d08db0a734,A,30,0,30,360.0
8198b7fef611df89cc85db5cdfa72c9a,A,30,0,30,600.0
830a6d51ad33a38dde126aa9c03cfae8,A,30,0,30,240.0
85430e653dbdc8a1103fef2de38b5514,A,30,0,30,150.0
8f2d3411d68a1cffbe3346b2382a613d,E,30,0,30,450.0
932f6102478c1bea36fea98c4c739279,A,30,0,30,360.0
95c65c82d8e6da5fe030042cc2024747,A,30,0,30,60.0
98b39a276b85333a388950b6d434af05,E,30,0,30,90.0
9ff01a398e4ed517ee44a2ffaae94d04,A,30,0,30,240.0
a17df007ab17c3f3c98eaf2ce80b932a,A,30,0,30,600.0
a50595eda3d4540b095a8ad2e91a4ea6,A,30,0,30,300.0
ae4a0d431dc489ec735821a402caf2a6,A,30,0,30,240.0
b54b9ab6d0310ce84649ce755fa02f5b,E,30,0,30,240.0
b6d0e23fda1bf8ce3e7699ae7c6953a0,A,30,0,30,300.0
bc8098270b9b2139f6ea007eff893c6c,A,30,0,30,450.0
beaeac7db0dffff9588769a63c2e4c3a,E,30,0,30,150.0
c2270e40a0ef3dfb89572dbcedc67b4f,A,30,0,30,540.0
c568d37c5281479bb2a7ad3a500c782d,A,30,0,30,150.0
c6fdab3235883442c84ad1b4550f2cea,A,30,0,30,60.0
cfcfa68d054dfdc23c5fc7ed7e4e5653,E,30,0,30,300.0
d1af9a59c572301debc4f605203746dd,A,30,0,30,207.0
d581b0d209ed0deacc270b15fbcc0d6a,A,30,0,30,210.0
d6f9b7eb09277fc25f7f291f94f32be3,A,30,0,30,150.0
d70ea6154636b33f8eaa6d892737bbdb,A,30,0,30,180.0
e16b24acb3179807cf109d2f66129601,A,30,0,30,300.0
e26e24dc5aa2f3d310608304a955e388,E,30,0,30,240.0
e9677ea8dce8b89d20f679a65fff0ee1,A,30,0,30,60.0
ea0c804839b9e4b97dc918bf745743ba,A,30,0,30,300.0
f081e0b2134debdfa781dec7c3bb1056,A,30,0,30,300.0
f2cd84912d1fb900e8ad4d204b56ef59,D,30,0,30,0.0
f3257f14f15ebbc826fccaa6c197b206,A,30,0,30,219.0
f72c49c73af8d483371dabe3350c9ab5,A,30,0,30,300.0
fd59d5b53ae224a1c3110d3342876f80,A,30,0,30,300.0
febdd3c1b8730be8620dd89bd84e780e,A,30,0,30,240.0
0334c6c065ee2595ed00f79ff218c539,A,29,0,29,232.0
0415ef390ba025c120fe8d0540c394d4,A,29,0,29,580.0
09ce734c478eba30cde4d053024a61c8,D,29,0,29,0.0
0b6fff9881e8b81bb4e2a42d79ec233d,A,29,0,29,261.0
0c610495e1e1a04e585794e50d73bd22,E,29,0,29,145.0
10104a572096c53ea8b5731d20036727,A,29,0,29,290.0
1023a2a22dfe67dec2cefe6907bc8036,A,29,0,29,464.0
16284e4526611fb7208937138d02447f,A,29,0,29,870.0
1740f5a7992aec39c52a9c7cdb9af0e1,A,29,0,29,178.0
17ca93f89d49d6942d8caffe3b6dc95b,B,29,0,29,3045.0
18c774deac73f8991e62d65e705a2c2e,A,29,0,29,58.0
1a5bc69e97254037a3ff087222e58536,A,29,0,29,232.0
1b8ee73cb60f0702714540f1dd203a94,A,29,0,29,58.0
1bd4f0f15ab6e834e41a13955a1ec451,E,29,0,29,58.0
1c8676cdbfbc1e9dbbbfdf819dfc8b4c,A,29,0,29,145.0
20aef34367f3fbeae6be16f16ac93de4,A,29,0,29,174.0
279b80388fd0807a9019ad7df05c2112,A,29,0,29,551.0
27e755ceea0dd361d5d545b7e52e4cde,A,29,0,29,58.0
2cd7f0d656679f226a2d98441972d1c8,A,29,0,29,116.0
2e77d2f4116f818d84086b08fa911e2b,A,29,0,29,174.0
308c2f17864735e8298241dee28c94de,D,29,0,29,0.0
36e45e473f9cea929570f6dcde25df6c,A,29,0,29,348.0
37c186eeae6aa38c68fab3bcca44324d,A,29,0,29,522.0
392f765bed2826a22a4e84f0523b375c,E,29,0,29,290.0
3b562ce45580613d596a292580d0ba41,A,29,0,29,203.0
3f759649abddb57c47adfbbefebf9dcc,E,29,0,29,87.0
40793cef58b634837d5e20fe730a912c,A,29,0,29,145.0
41be232fe68b3833e995f55ce56e898f,A,29,0,29,58.0
4e871a9aae96ef67a16a27cf10cab6e8,A,29,0,29,87.0
504918354fbc282dd98de7987a2e0be3,A,29,0,29,145.0
58c8a3e02beb0dc251a340a35bb56a6c,A,29,0,29,290.0
66a78a99665f642195f65beec8f48021,A,29,0,29,58.0
66fbad9595f6e9ad5c5555eff0a7861a,A,29,0,29,174.0
72739e3bca98a6d25d4ffe8b57f76a0c,B,29,0,29,2436.0
7376e7cacef88e487a292dc028947323,A,29,0,29,290.0
74c9ba6065eead9f76c12d4ebe1cf7e9,A,29,0,29,203.0
77b3721535ae9171ea16613d81a04705,A,29,0,29,464.0
7a90033bb6f8880de0458b69573d3f2e,A,29,0,29,290.0
7ae7bc9b21c04a41edb65e978a33eaff,A,29,0,29,58.0
7bd3682e0e4f08778fca5585da52973a,A,29,0,29,870.0
7ed50693ab8651870d8f8951a7dfa6e0,E,29,0,29,87.0
824317bab7dca060e461f70ddfd69f4e,A,29,0,29,232.0
8419fc1ae155af034e3de1ae313580d2,A,29,0,29,261.0
859203775ade4b67fa53b71ca35e733e,A,29,0,29,87.0
8be409868f062f8b3d5096c599bacfd7,A,29,0,29,58.0
8c50e8793a9e98ee83db50c148ee0343,A,29,0,29,182.0
9288f9311fabbf59f786ed06a75d2621,A,29,0,29,290.0
9c219cd43730b405430a1e0f35a265f7,A,29,0,29,145.0
a0456734e6ff806e840471a82b584efb,A,29,0,29,609.0
a52115e3bc84197c1874775808f39c66,A,29,0,29,261.0
a90de9f50e08c3f37e5cdce39fa09be3,A,29,0,29,783.0
aa70f42dd394b948ba0dce5964a93c2c,A,29,0,29,290.0
aad877f42c7f341644c3a7c03334319c,A,29,0,29,870.0
ac502c6df41a7356e56a834a2412b106,A,29,0,29,580.0
ada0e7c03d5b4e994071c844c18d1f1b,A,29,0,29,841.0
b4bb61e5bb57e62b405e83ffa7368aa4,A,29,0,29,58.0
ba87e9fe49f1e5d610630f3c9b70b9e4,A,29,0,29,290.0
bac20442f20d839331401bee384c4156,B,29,0,29,580.0
bb29149477ea033228148e2d1159a8b4,E,29,0,29,87.0
bc8b834c9902258c0ae7064f68219552,E,29,0,29,290.0
c04085f6f519ba18e46187c78f020d81,E,29,0,29,87.0
c1dd1cc95cc329edc937d2f269fb6866,A,29,0,29,58.0
c6f73f840fa12edb04fdb347942de27d,E,29,0,29,29.0
c7241415ae6f581f62ba4fa5d245fe5c,E,29,0,29,29.0
ca037b6763cd5796e23e3cba4d41f996,A,29,0,29,58.0
cc2a0f15077ba3d8c723de74d353de9d,A,29,0,29,435.0
cd7330b96d4743e5ae19fc8e9f0c7ea6,E,29,0,29,58.0
d0ce9ecf580ed460b5e25914778582e4,A,29,0,29,232.0
d20887a784d8565b52cd9ae303fff380,A,29,0,29,174.0
d8fb2d4f793c2c1137404ad194720131,A,29,0,29,87.0
e373a5f702ddb774d08f7200742f84ba,E,29,0,29,58.0
e4c89e0d1fb8dd0e5699c54015486feb,E,29,0,29,580.0
e62d71e68ea429c043bb9476c07952ff,A,29,0,29,58.0
e79a76ea854eba6f9c3d8651fd85d21b,A,29,0,29,145.0
e9a9a8d2f82943684bdf3c24fd263816,A,29,0,29,174.0
eabae0617d79566459a3be1a634ab682,A,29,0,29,377.0
f57de3d379bd4b52b6f25fc29d384c4b,E,29,0,29,58.0
f81bc74d0cc464def4646aad81a84137,A,29,0,29,145.0
fb04c1b4d2ee3143532102edde50d91d,E,29,0,29,232.0
fcb0c445cb7e75feee6d1bafcc00114f,A,29,0,29,870.0
fe22a7f098971ea773b7542cc3a1590b,A,29,0,29,174.0
00dd19e73276b0c2cddf13175a41a3b7,A,28,0,28,140.0
0684a0d3d88e1851cd0b90ff058cd077,A,28,0,28,56.0
0eb1ab8f7fddbc55e75858b8ecc6896b,A,28,0,28,84.0
1159e7eb8b5b0d7f1a0ec09762a2f325,A,28,0,28,168.0
130c839e0f1a44cbc2acf90ea22356c0,A,28,0,28,84.0
14920bb6596418992aa2b7965acf77ef,A,28,0,28,112.0
161e4f8de36bff6c459b44b62061cb46,A,28,0,28,336.0
186b814013a7129736e9dad20f6e66a3,A,28,0,28,84.0
196de9389628f351ba9de2961d01acd0,A,28,0,28,56.0
2388d72a84abff4c3813b73b1eb79b6e,A,28,0,28,364.0
24d58106a38d3365b68ea197e05b4d5f,A,28,0,28,168.0
25aafcf822cfc45de9c7d7d0b6380ca7,A,28,0,28,364.0
298c8cdbfa43607a0e436d174771ccbe,A,28,0,28,280.0
2a2dba152579c9aa5c2c8c416f5be646,A,28,0,28,292.0
2a5777cbd7424be3941519c5f7207f9f,E,28,0,28,224.0
2fba227a8d38345e123b0b9d44c07171,A,28,0,28,140.0
30ecbec707536e27fa6f1660562a045a,A,28,0,28,224.0
32e1fa4efa34cf630664ecc40e7a7a4b,A,28,0,28,448.0
3665704eccee7caf69f9818614f5d995,A,28,0,28,280.0
36deb61d728f56d7ee7da5946610c61b,E,28,0,28,140.0
3c175f3189a73641803b4f32a4990d65,A,28,0,28,224.0
41775d4aa68fce7a6dec63dfe89bfeac,A,28,0,28,224.0
4308e728236256e34c0625b1281552a0,D,28,0,28,0.0
445e8c058fd22dec3a80e96dedbf38f2,A,28,0,28,112.0
44ea552761b9122d8db9f939c67e6c9e,A,28,0,28,140.0
478125abac7e0711a8edb51b3cc6a0a8,A,28,0,28,280.0
4f8b0df80e71c20b5f9b8d1d236e23e7,A,28,0,28,140.0
50c697c520ff451c8ecc5dcf7f878802,A,28,0,28,280.0
580836bc86dd1c2f195460f0e1018fb2,A,28,0,28,364.0
59504340fa86b28df6fbe57cab51faf4,A,28,0,28,280.0
5f649c11422297faa878f980a52dbd87,A,28,0,28,56.0
6126e7b5ef8e44540c4ceb1b0d78ac6c,A,28,0,28,140.0
67a4b249480196dcea467688a7286a2d,A,28,0,28,252.0
6841c012255ac7f84073fed26ad4692f,A,28,0,28,560.0
7bd97d03815c52fdac6f56bb75b86a3c,A,28,0,28,140.0
7e79eac771a1aa98873a006d1464e5ae,A,28,0,28,448.0
81b183942a53ea2efdb70df06ab3c832,A,28,0,28,280.0
85a06f8a9e2beedf9100a5df52c01f25,A,28,0,28,196.0
87b4a0e9c47de351be21a0d00ac924f7,B,28,0,28,56.0
8b547d7835a9d843318221d3ef9fa741,D,28,0,28,0.0
8bb4e39195aa4bfc6de19f69cc5f4d26,A,28,0,28,56.0
8e6a4a53db70aea87c29eb547d75bca6,A,28,0,28,140.0
92d7686741732b11eb4421248b74ae48,E,28,0,28,84.0
94e8d11a71a1f4415fc1cf7b1048a566,E,28,0,28,112.0
9eec9df1367a9b2d04ffe5584d0e8161,A,28,0,28,84.0
a15e9b26764b6e877fae3fd021906512,E,28,0,28,140.0
a1e9b66fc02659be2929d622004b66ef,A,28,0,28,616.0
a3985b34ae65629dd4c66664bb8cd06c,A,28,0,28,280.0
a8602d0c079099fbb91daafb437eaac5,A,28,0,28,84.0
ad0a908ccc203c27e7139df0888717fa,A,28,0,28,112.0
ade0691b2eff428483361436c5153611,A,28,0,28,168.0
af143d6be4b6da01451ab54bf1d0922e,A,28,0,28,224.0
b7a267689fadb4d92095d6001bc0aca0,A,28,0,28,196.0
b849258e496532992918686e13b85709,E,28,0,28,56.0
ba5aa262ed886d93dd1544b2a0b7466a,A,28,0,28,84.0
bdc1b4348bfabfc8b9520dfb65024976,A,28,0,28,168.0
ce70491a04fc31a0d2c544bc41b89369,A,28,0,28,84.0
d1ba76fb36f29d917486c0cfaab7f8fd,A,28,0,28,28.0
d35c430e0c551ac65bb0aa84c11fef09,E,28,0,28,84.0
d40a44b633a216fc65484a60dadd48ac,E,28,0,28,420.0
d469850d5261079b20df137bbdbe7de5,A,28,0,28,224.0
d4ea9f5bd5ebf8928d201ea08e1e1454,A,28,0,28,420.0
d576a45b958526cdc1d99b9e83b01dc5,A,28,0,28,56.0
d6a7e20bd7d1d558264a96c870410eec,A,28,0,28,84.0
daee2e15d86b072b394efc7ca93658d3,A,28,0,28,273.7
de5cf8c3ce2ed0b62d69695f1795fe16,A,28,0,28,336.0
e01c48f99f1df1c2923359bc3153bb6d,A,28,0,28,155.5
e4e3a3da16d45b7bb66bb0cc74dd3dcd,A,28,0,28,420.0
e6326d865b806b892a068847bcecb388,A,28,0,28,224.0
e8c37cdd5db9112242534c3749f31bbd,A,28,0,28,560.0
e9258aea203df758d8f4c7f435b9afd6,A,28,0,28,224.0
ec2cc07d81fad178d7ea33a843687c59,A,28,0,28,924.0
ef4d09297769e492ff8c64f23ff3b868,A,28,0,28,168.0
ef98d2dbbd432bf55a0091d66e159824,A,28,0,28,616.0
f1b97ae1e603139be099bebe32d30cc7,A,28,0,28,504.0
f56f11b77b7f810fde0419558ebf2b2a,A,28,0,28,224.0
f9822056a6e62fb4e9a98054f908ad75,A,28,0,28,84.0
f9ef5a19f529fed9aaf6130feb567007,E,28,0,28,56.0
fb4ffe8827e969d65b544d1be095f291,D,28,0,28,0.0
fe3f4c4526e2c620e458126200e1655c,A,28,0,28,168.0
ffafd78486bbf3023e5558b63feeae5a,A,28,0,28,168.0
00f83a44156a1e0026a36394960f2609,E,27,0,27,270.0
01230ca4f031cefd5b7c9a13d0787ef5,E,27,0,27,81.0
02198742bdfd05e63fc853c944476a16,A,27,0,27,324.0
07afa24bf734f6d3e93ab9d1162c9550,A,27,0,27,162.0
092236e865ddf030fcd38d9ca98b8f1f,A,27,0,27,108.0
0c50e8285a6d250eac83c723eeaeaf4d,E,27,0,27,81.0
0c8bdf5d0b594a47f3c1f0d2510359f7,A,27,0,27,189.0
0ddf4eaed06913583773e4c5f2ed5a17,A,27,0,27,81.0
0ff406009197b89a7d4d23501976df22,E,27,0,27,135.0
13550e5322477c3ee9812fff0ee91635,A,27,0,27,216.0
13bf702cad3eaa41e04093cd22a9a8e7,E,27,0,27,324.0
167542eb0aab593053d06e53316eb56b,A,27,0,27,162.0
19030a35bf7b0f559e1824c246e2cce8,A,27,0,27,54.0
1be0b59e2ea96883fd687849d33a28a3,E,27,0,27,270.0
1ff5e46e580523f20e1dcf36655fd03a,A,27,0,27,270.0
209cea2dedf9c6f1bc29b2e76423b843,A,27,0,27,81.0
252deacb36c3c9bebfeae2d42649c182,A,27,0,27,324.0
2cac5cb49f4e3ce13019869c1bcc823f,A,27,0,27,270.0
32018b4a1d7ec5c2cf95fb183bad2e55,E,27,0,27,135.0
35a2bacc86f9701147e6caec64d8bb7b,A,27,0,27,270.0
390abce3461dec886c00a1f903d20a7a,A,27,0,27,135.0
399f6f77df35b9cbc4344d0d0dc449f0,A,27,0,27,297.0
3ab88dd28f749fe4ec90c0b6f9896eb5,E,27,0,27,270.0
3abf3cc2c60c0a5798b20bf238491322,A,27,0,27,270.0
3b4393da7926373007d9636c91926134,A,27,0,27,162.0
3eeb205bb91c067032b9c412fc1fd73a,B,27,0,27,81.0
45be183bd2f88399f0582c4e7a685f1f,E,27,0,27,81.0
4a2bf38f23beebfd528a927d8e0abfa2,A,27,0,27,162.0
4faa361664c37836375b4c6947cbd591,A,27,0,27,46.6
53c80561c77e64497a93af19816cfbd9,A,27,0,27,162.0
551a52c9b446143dfb38089d48a41d9a,A,27,0,27,189.0
5bf523c80fe2b56a4906de283da995c7,A,27,0,27,135.0
5e2d7b6aeec377bd8848292452dd5183,A,27,0,27,81.0
6cc983742d26fc0b945fb3140cce8807,E,27,0,27,270.0
6ebd76e9c10f8f4f71aa1336cd62e4d3,A,27,0,27,54.0
70d800179ccde6ee98ad989795a94b85,A,27,0,27,81.0
7406219c05d25bd31ef7ff1dd4c73f34,A,27,0,27,135.0
7861821672c2b880b8b5479b8a54f58f,A,27,0,27,108.0
7cae98cf8bed09df7a01fb471acd7a13,A,27,0,27,162.0
7d2d1295a8c528d7a4029049939233af,A,27,0,27,216.0
7d9483aac8d39a0290dc262f75b3f907,E,27,0,27,81.0
7e525a1d157bdc2674f4bec7843c2ee2,A,27,0,27,135.0
7f3ef7ccf6c5e96bbef9512146310202,E,27,0,27,270.0
8698294599d7b880806df9735b49dbc9,E,27,0,27,324.0
8a2337e45b889c85a2a7f633a6e258fc,A,27,0,27,351.0
9115304bc19cbf334fc25bfce19bf7e6,A,27,0,27,54.0
9150eedb8f3e548a3d6cb99392a113a3,A,27,0,27,756.0
92e046b3bfde21047600bbf9167b52a2,E,27,0,27,270.0
97136ce7036b66384d0d54bc4723d0ff,A,27,0,27,81.0
98f478b3df39dbd9e8c9a8cb220df680,E,27,0,27,135.0
9bd44f2d18b6742e2349cb136a58c952,D,27,0,27,0.0
9df8abcc0e36c38f478f48e212ad298f,E,27,0,27,81.0
a0770072a965b355c00ad1ee8682ae45,E,27,0,27,54.0
a380db845f5d98619814977ab8bac492,A,27,0,27,216.0
aa0a4b4b9053d2d4dcc1fd22c654496f,A,27,0,27,270.0
abd281f63cd8f809be006b7d916a27fb,A,27,0,27,243.0
b5d8171a03510fe8c66c73ecb034574c,A,27,0,27,81.0
b6080073bb1a1e0850515d71c54041ef,B,27,0,27,486.0
bd371a09c8908c75e3bb246a4dfafc2e,A,27,0,27,189.0
c38f6bf5fd3ce6a5fd0cacbf7e46f2f0,A,27,0,27,243.0
c9fd5a6f377fa266a7640b34baa01041,A,27,0,27,567.0
cae15ce86cdd61bb5946b9f7bee4467c,A,27,0,27,165.0
caeb5e50d3f06b09fc4d31544dd06e11,A,27,0,27,270.0
d4459045eb2b1d87b3c505a52975bcf6,A,27,0,27,216.0
d89369a28ef73c08a86dd3f01a4ac4a3,A,27,0,27,270.0
db16a2511fa73ca682efd7cefc5b7477,A,27,0,27,216.0
dbf5d55a3e30271a5d216dd921b921ce,A,27,0,27,432.0
e05e846e7cb55f1884df3210a2180dca,A,27,0,27,54.0
e19cccecb27e8de2e8d22a0ad4634939,E,27,0,27,324.0
e5788fdc0451727cb6e8cb3a0f8d08a7,A,27,0,27,135.0
ebc3212a7019829bbf17cfb2ae8a07aa,A,27,0,27,216.0
ec2518f7294be3536294aae8701a68d0,A,27,0,27,162.0
ed95c03adfea06b64738c798079273e7,A,27,0,27,162.0
f33adff4003194369bfd4aab1419158c,A,27,0,27,81.0
f538a0cf4a619b65e7a35fee3f5ab54c,A,27,0,27,567.0
f558adc9bd6be4efdff8a2010283df68,E,27,0,27,324.0
f7652a4bb3ee3391fca144a563cd697c,E,27,0,27,27.0
f81234f0ac157e55a7e01005e4392a8a,E,27,0,27,486.0
ff80a0667fb0a6971b6e7730c37d2602,A,27,0,27,540.0
0296d0f1ac42b026b146359667a150e6,A,26,0,26,130.0
0579744709a3a9fdba13f901bec7c84c,A,26,0,26,52.0
09cd18207cff5cd60178b98f8f79e30f,A,26,0,26,650.0
11b47e2bdcf39910c5354e386e616ecc,A,26,0,26,208.0
125a8915eeee5d0a53437d2439d95833,A,26,0,26,624.0
1a926d50be82cec5f59d354fbe577ce8,A,26,0,26,624.0
1e7437816d0561ba42a32bf86fba6282,A,26,0,26,468.0
1fd7d9fa7c6775f7d85ebae4d70d7662,A,26,0,26,156.0
20a1bad3b2045d4bf48facbc865101cc,A,26,0,26,78.0
2cccc20809870c7c02061ca3d3ec219f,A,26,0,26,104.0
2f7e98123e96e0223ecdf690d5d65301,E,26,0,26,52.0
302d83a356f53e71b78a6514460cd01b,E,26,0,26,26.0
339f13cfbba5a6dbf5e68560e501a66c,A,26,0,26,78.0
34e40d0730ec7223681d8359f19f4b85,E,26,0,26,78.0
3529e08611bb10431c371b3e2604b9b0,A,26,0,26,26.0
36265e962d00e7b18e3768de34d8bf86,E,26,0,26,130.0
36a4450df39fa434a917d997f304b1c0,E,26,0,26,650.0
3a788f22cd15a1fc5ad641810e349ddf,A,26,0,26,520.0
3bbe50d46fbd93e190de6fe8073905c9,B,26,0,26,1300.0
3d33e598146af623a2d5b31681bba557,D,26,0,26,0.0
418e1b0df5de2e2eb47c5446890d2f20,A,26,0,26,208.0
431f20add4e5500097028aa40a44848b,A,26,0,26,156.0
4cf64986837f642aa31036e0df44196e,A,26,0,26,260.0
4d26e259f9a34f3b0599efbb0424e440,E,26,0,26,78.0
4d58188a3a71048f1d61aba7e4c87038,A,26,0,26,52.0
4e81c028aa086c8aa207ebdc8f2c863c,A,26,0,26,208.0
510ad57b259b54f7e7ae6c6a25e2de3a,A,26,0,26,52.0
52938314c8ff52d35c2c7191ea85e52a,A,26,0,26,208.0
5691b71730c6ef07c31f1db9d01ec2d5,A,26,0,26,78.0
60c881519b4c6531a291ddb590d55d5b,A,26,0,26,130.0
6385a7c08391192f73c46946baabf58a,E,26,0,26,130.0
64a0316e9b12f4713becd250c137e23a,E,26,0,26,130.0
655664f7b3cca82c5d2d52268f4c779b,A,26,0,26,312.0
65c746f8a683b1029ae650ab953f84a4,A,26,0,26,260.0
66e580ce0316a438e5a41b5e880c8ed9,A,26,0,26,78.0
68931fe2eb9e41317ef0d4d5b54091ba,A,26,0,26,312.0
68fd7baa1aa05c43c4a45097cde5c07f,E,26,0,26,52.0
6a9d8377c0d99fb8686578f8f9c330c8,A,26,0,26,312.0
6acadbc74f6d210f1fa3db0d41c19d27,E,26,0,26,52.0
7215063fe7ff8f490a9a5d4b55f7a754,A,26,0,26,260.0
7472754a0f5888093a3fb051f6abdbf1,A,26,0,26,260.0
75d2fb84ace50fecb00a7f7b6108a8e0,A,26,0,26,364.0
7823d4909d76aab47cfd94b955fde906,A,26,0,26,156.0
7bdb8a42163b2e0c3c631fd49746ac56,E,26,0,26,26.0
7ebe9f84f8ae3a697c09bb309cdedd41,A,26,0,26,52.0
7fb13fb1e7bf83a5ee68b7c12c6fd491,A,26,0,26,312.0
81bf065ed934e9e492101f3527ee1fad,D,26,0,26,0.0
83e562c8a76a53e0bfa2d056e82ba869,A,26,0,26,78.0
84180b680d0793b19c1e1f266d7d5e0b,A,26,0,26,468.0
848e9180b5b757f24c800c3e0017eb78,A,26,0,26,130.0
85efd4b0f6c2d3ae2ac6cc47c5483520,A,26,0,26,468.0
882fdc81c456a84c5c3a6ca49c5526ad,A,26,0,26,104.0
884d70cfba225442337d944473568b73,A,26,0,26,78.0
8d3d63beb207d38fd52b5ed32947bd59,A,26,0,26,208.0
92ce53fa19e7b9f4373db7830ff6ae5b,E,26,0,26,78.0
95afb24c8bbbc7dac54a6913f10c2dba,E,26,0,26,468.0
98bc93ea2cedd07160a0cf117e06af90,A,26,0,26,338.0
a509ba879fd3bc5aae6b9c22a7b8358f,A,26,0,26,130.0
a6c6ae261f9bcd3ea3425c3ed8cf36f3,A,26,0,26,260.0
a71c1d3324103addc6c422fa5e374d6f,E,26,0,26,130.0
a772d91a0941faf8233d44e083f26f80,A,26,0,26,520.0
a859cba0eb42dadb4ed5669a6d41dd0e,A,26,0,26,1300.0
a9725782afa0f91606075fbc97981176,A,26,0,26,78.0
aab724583596a84689e7a307575c50dd,E,26,0,26,130.0
ab21129bf4c9f71a8f6acebfcb0e4fe7,E,26,0,26,312.0
ab4952138d2ca28349899a56488a14a0,E,26,0,26,390.0
b3a4a14a1567b3d2e12fdf27e75e368e,A,26,0,26,160.0
b3ffc49ec5b3bd4ad07a0395d8b6f5f1,A,26,0,26,130.0
b44ba6e9e8831263cb00de3db5819637,A,26,0,26,130.0
b45009981b0740d6ba642de0c65f7abd,E,26,0,26,260.0
b565673a18018e36bfdb43852a07c637,A,26,0,26,494.0
b57c3b69b4d1c2bbb6ccf16406e15af0,A,26,0,26,312.0
bb2454baedebd71cf78fecca935eb39d,A,26,0,26,52.0
bb2a40d172649efcce225b424b692a2a,A,26,0,26,468.0
bdd511635fe15ab9e12a562e2f5b7ebd,E,26,0,26,260.0
bf6f9e3091b494d09fc9998adf0ce53a,A,26,0,26,52.0
bf81506ab7b47d356b8b60114e8dd7b5,A,26,0,26,234.0
c05a597b802c16ebe61a37a7714735b3,E,26,0,26,520.0
c2a3983cbe8de60c15a2b0eac1ed833d,A,26,0,26,130.0
c3002948294f6b2a3f89325103b1c844,A,26,0,26,806.0
c3e2cf235b3a0d57899d53f244abbe8c,A,26,0,26,156.0
c4f01f5ca2609c173e1d6ddb82b86676,D,26,0,26,0.0
c98f5565d2f2e7187f0a4bc60f05a92a,A,26,0,26,104.0
cd3478839bc5a134ff666b8ce91e7f23,A,26,0,26,208.0
cd49b8997ee4a4c9c72f417cb3caf52d,A,26,0,26,208.0
cd93add9793be5bf5d2fd15429cee6d8,A,26,0,26,52.0
d42420121b82d9006ec104e568553e84,E,26,0,26,260.0
d85bae5f178e943a858d5cfb587e021c,A,26,0,26,156.0
d8e8a14901e4c5dc14b23e1d5807e78c,A,26,0,26,260.0
d90521e96094f96eadf3e6dd3f23331a,E,26,0,26,312.0
d90ceb41b037f818c7c1d63fdedd8b57,E,26,0,26,260.0
dc5ec6eae819d068f957a0f50dfe0ac6,A,26,0,26,260.0
e0a0b24cd2ebb20d783b722b7cc50698,A,26,0,26,208.0
e1d3ba0dd984ed1343efb59456296bb5,E,26,0,26,312.0
e3452e3466264eb900ab60f18f479b15,A,26,0,26,234.0
e462bd2f928e675d0ebcdcd6516234be,A,26,0,26,416.0
e4de60298e1ca2ce9afb4cc2d21893b2,D,26,0,26,0.0
e947e894efa2df60b0dc38184aa905e2,A,26,0,26,520.0
e95bb7e837859536a6b4686d3a1d8299,A,26,0,26,390.0
ee37f648c51049064cb088e1eee0b993,A,26,0,26,260.0
efaa51b0908428f02af309786e69f0f0,A,26,0,26,546.0
eff257f1997111ed12774c38f758fedc,D,26,0,26,0.0
f01bb7bb9ffa5f8a61109e09d3198fc9,A,26,0,26,156.0
f50daf6416c907e3c48d465738737fa9,A,26,0,26,52.0
f8be3a0b030ccb06201b65b3670054ec,A,26,0,26,416.0
f96e180c03ecf8ba1ce58234393977e6,A,26,0,26,78.0
04ff5cbbf4e51c6323ffbd872e4c8cf5,B,25,0,25,75.0
070f2cf22636f3cb823b98de265f8891,E,25,0,25,625.0
08a9343243a3fc26cb4f139100f8440b,A,25,0,25,75.0
1392c6a99eeca063c4bc0de55fc51d71,E,25,0,25,125.0
1593d421fedb5cb574770b938babffe5,A,25,0,25,50.0
1706d16ac0e921715863cbffe4cf2bfe,A,25,0,25,225.0
179220a3767197872487c0fc7293bbc4,E,25,0,25,125.0
1b49838b910e7f6315f2c99d8786f736,A,25,0,25,300.0
1bc8bf63b12d233b01d4048ae53833e2,A,25,0,25,225.0
1d28c9bdecb9034168c64babf05c463a,A,25,0,25,500.0
1e44cfc33cbecb04785b3d965df6c8d1,A,25,0,25,75.0
1ea8b64bd184fe97c5e7b687e4487a06,A,25,0,25,550.0
1edb53f7eb7e926ea0c89a252cadf8ec,A,25,0,25,500.0
1fc0e555d7b032271dd923b86c9319b6,A,25,0,25,125.0
220f08ac30e21b8b871fb028ac5c1caa,A,25,0,25,575.0
2bbeebbd8cd9d2f19af654b7cd4d5d27,D,25,0,25,0.0
2c906d6e81a2265ad4dadd0e17ddf409,A,25,0,25,300.0
3351404e3757fb43691a4dd50b32b099,A,25,0,25,100.0
34c94be3c30ff762715fb01c66af692e,A,25,0,25,900.0
357cf69e3d441190c6c8840c4ff6f555,A,25,0,25,50.0
36cbb165fdbe3a26b21fa941d90737fe,E,25,0,25,125.0
36cf19e6daa569d8ae0bb772085061c7,A,25,0,25,225.0
3a996e8a34f4d80b3ff6455db5089ed0,A,25,0,25,350.0
3aa770064a4227c2703fde79cf6d0f2d,A,25,0,25,25.0
3e5f1c94bf585f6d772b9e50684ea80f,A,25,0,25,150.0
402337de414e5334985006e974e6d8bf,A,25,0,25,225.0
460873caf8803a71e6fbfb23b0745336,A,25,0,25,300.0
470039dc8929109e4010fc20ed1a2394,E,25,0,25,250.0
480112beab14335aff0e0e57e90dc240,A,25,0,25,200.0
4a4a2f24d38c72a68391acd074ddcda8,A,25,0,25,250.0
4e187e47c7dafeed4c97fecb969ec1a2,E,25,0,25,125.0
4e96dc1a6972df95f95aaf55c8d746ea,A,25,0,25,200.0
5115fb6a5709fe445ea4025e05ba2e82,A,25,0,25,224.6
5269e7ddd7e1d40f4059abe3450e3c83,A,25,0,25,50.0
539f8185598a5802b8a6709319db78fe,A,25,0,25,275.0
56f6f5c8f83cc53bbea93a034d19f05a,E,25,0,25,375.0
59184cf3f0207bdb2fb71d8fb18dc729,A,25,0,25,75.0
5e845c218a9d03033c6c393a487de8a4,A,25,0,25,175.0
673c00646d7f15a2abfa5c15892b248d,A,25,0,25,50.0
68b7132d2033e2ed75184dd00d2a4607,A,25,0,25,433.0
6b02bc68afd4af59f1dae8d89a9951a7,A,25,0,25,300.0
6bfe37a1488ad9cc1a84c42cc641574b,A,25,0,25,50.0
702e1b983e3eaec1fdba80994f4e1393,A,25,0,25,450.0
748d1a31547b24a42baccd2703344034,A,25,0,25,275.0
7f420a99091a3907185f5f1520e5b2b0,A,25,0,25,152.0
8029fe6a50ca5ce29ad6f2875d4b110a,A,25,0,25,400.0
81ccbcaad7360e869f135698783ac7f4,E,25,0,25,125.0
8a2da64963665dfe0b91850162d6b953,E,25,0,25,75.0
8ab2de0d2b60edccc10fbe4320f808b1,A,25,0,25,150.0
8af9b60a2c6bf9aea1a73999d6087656,E,25,0,25,50.0
8c8552e4b1278f5cff4a7af99893ce07,A,25,0,25,250.0
8ccaee3b60c2c68ef9209dc8e02e312c,A,25,0,25,500.0
8e5010ff96e994b2e0e626884a84b097,E,25,0,25,125.0
91a03a2aa4e3f51b790965389f5ebf34,A,25,0,25,50.0
91e4db1380542e7dc935f1c12ce530f3,A,25,0,25,200.0
a2c9eb6b0b71b4022b6b0dcf2772871d,A,25,0,25,125.0
a3571d46bd086e666a413989620e8e62,A,25,0,25,250.0
a9e9bf3dea45bb32d902a8733355d8ae,A,25,0,25,550.0
ab78618bdc362b87609a6d3a91f6633d,A,25,0,25,75.0
aed0aabe469b1704c7a865bc463ad913,A,25,0,25,125.0
b25fd5506e3093fbdd052b4f1cb4bb33,A,25,0,25,375.0
b2621ad371fcae42f15e7a2ae8ab8777,E,25,0,25,200.0
b31d53e8bdeec0972f6b16e7c42a402b,A,25,0,25,250.0
b51cedc276bf8bea17ae1718f5c82e3f,A,25,0,25,500.0
b540b9adf1b2b9ecc0f7d743e783e559,E,25,0,25,250.0
b728671b8b3dca51bf5440edc799cb13,E,25,0,25,25.0
b871506f53bf20abf9cbce8e8170197b,A,25,0,25,150.0
b8957e28c21caf5eb8619d7e988d904f,A,25,0,25,50.0
baeb703f6fd69ec6d7428787b225db96,A,25,0,25,75.0
bc749e778d713135847fd6251b1565db,A,25,0,25,150.0
bd0d30bf51a0eddc7d43b5adc4d32c06,A,25,0,25,100.0
c1fb2baadcbe5a70dd53396e6d158a93,A,25,0,25,143.0
cd5b68fc2d5fac4ece8a4be7e9ef7825,A,25,0,25,75.0
d77f1548d0edb4d19ea3042c82b24bf5,A,25,0,25,100.0
db7a3ac295d8abcc0d5a1f3530b4baab,A,25,0,25,300.0
db9c737c43473f54351fd20b8178c2ad,A,25,0,25,125.0
df31a636d493b0e715a5978a1c873f64,E,25,0,25,125.0
ea50ff46bf3c15d0257566ac66d146fc,E,25,0,25,75.0
eb4bcd824a06e652f776acbb01b617d8,A,25,0,25,250.0
ebc4c1faa40c3db65bc2943bb4c4d40d,A,25,0,25,250.0
ecb2fe07a0071ad3a15925ca8ea3f291,A,25,0,25,75.0
ee1746a905e670e0ef87fd311d540130,A,25,0,25,100.0
ee3577cec481bbba479ae00bc68ce068,A,25,0,25,250.0
eeffee2dca5b56bdc00f4d97f0bd2032,A,25,0,25,375.0
ef1d680202b40db7e90d7bd976c4a872,A,25,0,25,150.0
f58ca6ec9fdd9ee283417467885f6b3e,A,25,0,25,100.0
f861bf27f1620f36d79ebe801070acf7,E,25,0,25,250.0
f89925f940569d5c679eb14f381c3a1a,A,25,0,25,75.0
fb6d0b384e1edeaaf339fea209d3a636,A,25,0,25,75.0
fc3bdf2d69a9cc6b78f0f4fd84956da9,E,25,0,25,122.5
fc9a9a7962ef4655bfd50b3baeb135af,A,25,0,25,250.0
fcc0c2c2c05a45be01c5e20bda77a0aa,A,25,0,25,25.0
fce9d25ff616e67967d5ef90d7f90b1b,A,25,0,25,550.0
01d74d829fbbbc5149f79e2caec17ecc,A,24,0,24,72.0
0352a2bb4d0f456789eb04fe0fcd23e1,A,24,0,24,72.0
040ca769c0a72e217a5a7a8753aa04ee,E,24,0,24,192.0
07bd25a8381b29510f53520ef9371772,D,24,0,24,0.0
0821b387d076d8936d0d8fca228bd1fc,E,24,0,24,192.0
0d8643d76a9836f91031728004698f89,A,24,0,24,216.0
0f25e379e11a5566d46ffddca0289b6d,A,24,0,24,120.0
1347e0651923db05d0508ac1d85b636e,A,24,0,24,120.0
18193dd927b61afbda1f8a99b2fbd111,D,24,0,24,0.0
1aaf60452205b10ba0f10171b5495abf,D,24,0,24,0.0
1c7adf777dce74c54fc82ab3aefcf11e,A,24,0,24,120.0
1ce11e97e956781c97150177a564ebe8,A,24,0,24,48.0
1d10aa194ceebaa42a7cb30443961271,A,24,0,24,192.0
1fe1140bf2caa39016a88b98a56297c5,A,24,0,24,192.0
22fd76f66ff04ed95cf932b95f6aa107,A,24,0,24,672.0
263e7dab2b0b425f937c0ee0ee7693cf,D,24,0,24,0.0
276837c022f91cddc7b30fda62e2ca67,A,24,0,24,48.0
2944d10af098324c7b70294afd1da5e2,E,24,0,24,360.0
299148ac628e2cb76c248cfbeed3b122,A,24,0,24,240.0
2a23695f04b973535ce99f981f8e940d,A,24,0,24,72.0
2c2a9fe56ac9e39939246b9c7c2fb8b4,A,24,0,24,216.0
2ca46b2f533273d47cf42c7d17c75d74,D,24,0,24,0.0
2f066c81ef2f0656aaceb942f76ac6c9,A,24,0,24,48.0
34e8461940e72ca7b3cf830eba2ad74d,A,24,0,24,216.0
3768cc1f714da741b710a867ff293122,A,24,0,24,480.0
3797beddf94dbc53806f724cc39e5c62,A,24,0,24,72.0
37d3c3f618893473cf121570569ebec0,B,24,0,24,12000.0
38920498da2ba2e462f581ef0ff82163,A,24,0,24,144.0
38b36758bdafe8d3d2a92946380661dc,A,24,0,24,72.0
3a633a93ae74f3b78cbabdb1936ea59b,A,24,0,24,125.9
3a77300b018ee54fccbfca71b186ebe6,A,24,0,24,528.0
3b9f305fb787590ea3d341abeea762c9,B,24,0,24,1200.0
3bb4bcdb2889c287a2ce8650b3d88620,A,24,0,24,168.0
3c58891c56808a8e1b633e27b44ece73,E,24,0,24,360.0
3d0259ae57c9e0b1c94686aa7452efbb,A,24,0,24,72.0
3dad19d0432729bd3df77da05538fa56,E,24,0,24,192.0
3df5ec87a3bdbbc1f786f9cc20d435d7,A,24,0,24,1200.0
4034a6f3db8868cf9c7e8e0bf0d047f8,A,24,0,24,480.0
429ffe34c660b897057386bf6d481ec3,A,24,0,24,120.0
4368d2ebda7c7c3fd3efa70eeb5a07b5,A,24,0,24,288.0
467416e41a27859a78aa474ae0677218,E,24,0,24,240.0
4769246ca3c7bfef0b2046ceb8286c33,E,24,0,24,72.0
4984481b91cf7597f5eb157fe7e8f0e1,A,24,0,24,408.0
4c0c738929b42d1de61ac985ca615eb4,A,24,0,24,144.0
4ec8e87dd0edce9976086ae94c3197a7,E,24,0,24,240.0
51637f50c6ca54c731eaaae0fb5574e0,E,24,0,24,192.0
51f993d243a0d38e4669ac0bc3f8df05,E,24,0,24,240.0
54251fe10ed5585b436460f9b7f9db96,A,24,0,24,144.0
556b512ba039d6bfaa219d4f00b4d875,A,24,0,24,48.0
56f9a3328a3f244962eec110064a1f47,A,24,0,24,528.0
57061b8348f6e700f0bd0929d95eb27d,E,24,0,24,48.0
582fa965bcfc61220e4369e4f92c35ac,A,24,0,24,240.0
5aad07b94e30e9986d4e175f04b10407,D,24,0,24,0.0
5c0a2f71c02d9b6a4e5ff26491d5e972,A,24,0,24,72.0
608d1014ac4afd63e05274cdb13cf643,A,24,0,24,48.0
6111178f12b4300477a83119d6cc5fee,A,24,0,24,144.0
64450371d6e0c85e80d4bbadabb96e0e,A,24,0,24,432.0
6b499b4aa72d9b7f80f4f06b956f021e,A,24,0,24,192.0
6f0e18a1612a4c61d48dd3747f9f2fb1,A,24,0,24,504.0
712fef18dd81f03b6da91f2c6c198cec,A,24,0,24,240.0
7149bc719ee75593ef3d9569d73944b4,A,24,0,24,120.0
71c1e7f1de5e2df935b849afd90e5580,A,24,0,24,240.0
723266610493f99f0d135b5db5807bb9,A,24,0,24,72.0
79d3b04923cdec36be4febc9fd64da15,A,24,0,24,192.0
7aaf789bf30ce2a905efcf78926e6801,E,24,0,24,72.0
7b7ec58ae69b73815e902979056a5330,A,24,0,24,144.0
7b94e46a90e281a051f332dd82e04d5c,A,24,0,24,432.0
7d1146d68e0729c6ee42ab09c88b3300,A,24,0,24,144.0
7e245bd9b96da590b15ba87409066381,A,24,0,24,648.0
7f5f7de51d46c9aa219e0b9539e47fbf,A,24,0,24,288.0
8150bf0a52942fdbde98946ee850c8fe,A,24,0,24,72.0
81e6c6f8b30205ac8a534a661436faa0,A,24,0,24,72.0
820d991b526e715fdb6e2de2f552e21f,A,24,0,24,576.0
8243e3185a8e01631be62563149fba48,A,24,0,24,144.0
82d161c0aeb3393e021e5143eef9df52,A,24,0,24,96.0
83135d1b0eb994b50c258f5cc950534b,A,24,0,24,72.0
8783c1572b2f3ca4a17e3d69607c90b5,A,24,0,24,480.0
87ecc4eb1dc82b64606639c64278e391,E,24,0,24,120.0
88eb6f1ecbef452f7ef0800c1160e2d2,E,24,0,24,48.0
88fa242a7decae4b36bed22a9e4d0e34,A,24,0,24,48.0
8c10c037c07adb9177b3f68d4936fc99,E,24,0,24,119.76
8ff6bb3cd62ba5b09795a8151e82bb32,A,24,0,24,48.0
90bc467f60f06a3865bd26c9fd1f8b3e,E,24,0,24,48.0
9819692afb791657c26b81dff20723d3,A,24,0,24,168.0
9843ebe3ea6bc6472ad5cfa52e111f72,A,24,0,24,48.0
9af54db159b7cd685a7049f5eaeff463,D,24,0,24,0.0
9bd26f5865fd9110ee55327da6c9b3af,E,24,0,24,240.0
9e0e51bffb792fb602e4733930791484,A,24,0,24,192.0
a3e6d586d5c8e704980a0811e6c361bc,E,24,0,24,240.0
a44339d51bc4af9301da870b527e073a,D,24,0,24,0.0
a650f973ff38df06d4107164bcef1060,A,24,0,24,240.0
a6774b48719abd3aed68e9955b62272e,A,24,0,24,192.0
a699326e01fcd9259d2488e92c423135,A,24,0,24,135.0
a72a9d570e49d6bd5896596330d7f6ee,E,24,0,24,384.0
a7ebcb47e7819fc7c803744a6b69521d,E,24,0,24,72.0
ab3bce29e224a0f9b56482a1d4ef9521,A,24,0,24,96.0
acc53323744c151ca103c3a06bf83f27,A,24,0,24,144.0
ad611fcd7897f2959222047a1bf1b612,E,24,0,24,336.0
ae63fc479bd4737506973b5e1a0ab80a,A,24,0,24,480.0
afd2d050481d71ddab2b26bfb0753538,A,24,0,24,192.0
b0b00b17faeeefd1680c86db2a1bf8c6,E,24,0,24,120.0
b226928b0bdefdf4ae91724986b02510,A,24,0,24,96.0
b5e2a44596f41bb91b40a9f0bb529e43,A,24,0,24,72.0
b8d34543e375e3354bc0e146cc73028f,B,24,0,24,120.0
bf1f88f51dde4e231f664f3d75f32b53,A,24,0,24,240.0
cb782675497765172d7ea6dbf3d5683e,A,24,0,24,72.0
cbac38bdaa0e1411415b36556be6407b,A,24,0,24,72.0
cd7d516197d3c51d92946bc773955b84,A,24,0,24,120.0
d1031d06510117b8466774adbf1b2825,E,24,0,24,240.0
d1987c8e8d0d5b986501eaba2958f45b,A,24,0,24,72.0
d1fdb6a72e3fe229fd23161e816688b9,A,24,0,24,96.0
d2152ebbf5614fcc8cbce73f18975484,A,24,0,24,144.0
d277d00ef3824f7dc6b1762f9af2716b,A,24,0,24,96.0
d3866ea00d62871037e9ef026f3dc17e,E,24,0,24,120.0
d668a3d85644e5b458067c1c487c9faa,E,24,0,24,72.0
d700a98fc73451aa1d5a38ff4545ed41,A,24,0,24,384.0
d8f9a4adcaa9813d93fa25bc8bbc027b,A,24,0,24,1680.0
db33ebf27b6d5fd2ea95359174fc1846,A,24,0,24,120.0
db9923e1354279255b911a534b63fb0f,A,24,0,24,72.0
dc4519dc83210e1693ef627e447a0168,E,24,0,24,384.0
dd6a1b4facf7588f7e35c89fc9aa7770,A,24,0,24,312.0
df7a9f3293db1541ebd56dcec848336f,A,24,0,24,144.0
e040c811d1d0792914e99c0514e0918e,A,24,0,24,216.0
e674579b4219c77b00fdedf5a4895e5b,A,24,0,24,120.0
edd0cf6571b0797d2e12c1ddcfcc6492,A,24,0,24,192.0
efd04e0c1b4785f4e33d5bdfb393ef78,A,24,0,24,360.0
f00fe0b2871998673b16ab3b9aa64e59,A,24,0,24,120.0
f16e6c9b97f2586c082c50c73def42ef,E,24,0,24,240.0
f3dfc695a19bd00cd8dd011895a824ce,A,24,0,24,240.0
f40fc3408f1618bcc942077a0740a8e8,A,24,0,24,120.0
f59f8b0038c0bb9b3cc0282b0cdf871d,E,24,0,24,48.0
f64d424d2b2ead7706d0baec1b764631,A,24,0,24,144.0
f6c5821cd07448c12436a0663e29b13e,A,24,0,24,192.0
fac2c79f7fea986d808b863c960d8f53,A,24,0,24,48.0
faced7f71c17a826d6b9fff6e102217d,A,24,0,24,144.0
fb52f25ef8f38fabeb2764ed0c69f76c,A,24,0,24,120.0
fda23b1790ad3066f841da4107e0f847,A,24,0,24,192.0
fde25389105c27b0d42b30f0187dfb49,A,24,0,24,72.0
020ebff844a45dd8e3fd234058503d4e,A,23,0,23,138.0
02d8fe6ed5e5fc34f329295d99ea3814,A,23,0,23,115.0
03ff7336f87f93d623cc4f8a677b7f0e,A,23,0,23,414.0
079ccb103392b148c8a925345459e3d8,A,23,0,23,136.0
09b09090142822ae9cbbbf825b81437a,A,23,0,23,506.0
09f2bc6a5f0e8b893cc889e8b3697078,A,23,0,23,46.0
0a5175949007b18e6b5107bb94ea4bba,A,23,0,23,115.0
0b39e7aa47d42a7f0b87490cc6d9fe0d,A,23,0,23,299.0
0d39d5b7ea2f1d20afb3ac27222515b8,A,23,0,23,46.0
0dea3393891d431fd3134efde6162376,A,23,0,23,46.0
0dfc83875b4419c442e6ae8767d5ea36,A,23,0,23,414.0
0e2c8d324d146f65c60b4852dcf62990,A,23,0,23,115.0
10d1ccc3afa66d5e656f1fbc7f0036b5,A,23,0,23,805.0
1290480d41b21d18112795faf43de3c0,A,23,0,23,115.0
14792d625f5c1dd8866716d3ef142b79,A,23,0,23,161.0
14a7c4832cf5826a0601ab154acc5e96,A,23,0,23,460.0
19e27cdaf3d9a6e268d5df554eb89a06,A,23,0,23,69.0
1a74732ff2c7da5e6a995c3e95885e1a,A,23,0,23,69.0
1b8e19eb716b8d910fa517d8725a7b2f,A,23,0,23,184.0
2beaed1aa2118fb90e0daf8cbf735645,A,23,0,23,161.0
2c0b66abbd9847af629da92ef88ce301,A,23,0,23,92.0
312dd58eddf04cbd0e9df449f67e5f5d,A,23,0,23,115.0
385ea7eec812c04c01b5c9f7a0cdae9e,A,23,0,23,253.0
3bddba7eea1fb773f89af417041e53fe,A,23,0,23,322.0
3c5d90770d7d0f85fa29208682a6c2dd,A,23,0,23,161.0
3dba8b0596bcca39abd436a5fe72c552,A,23,0,23,69.0
4512c9ed690acf6c4d2aa58034557d12,E,23,0,23,69.0
4b5c3fc99a2f962e84334bce2952b4a2,A,23,0,23,115.0
4c3a066f87c18c2fc6b4e29f34f5f498,E,23,0,23,69.0
5277798a633172ab2133830e06149e3e,A,23,0,23,345.0
56689206f60532685bc227fe0651fd65,A,23,0,23,69.0
5769a68014e9a281b23227e070129c4f,A,23,0,23,115.0
57f211eeeee55c4065ce7e4f8c8d1d67,A,23,0,23,69.0
5868935809ba569d4745eeb76b4925b3,A,23,0,23,1357.0
59672fbbf24033cc819549262f9fe5d6,A,23,0,23,115.0
59fc38d05f2b79b19d4d298616a22094,A,23,0,23,598.0
5a76f2d049a9e2dcaef4d4ad2eee5782,A,23,0,23,138.0
5a970ba57ba8026976440dcaf11fb41a,A,23,0,23,184.0
5bff88135dee601e087ab2527adfdea5,A,23,0,23,69.0
5c5b31cc58048aa3dadf47f2cc50dd09,E,23,0,23,69.0
5e8f5d6fbe59035f08cd7377fdaaa30b,A,23,0,23,161.0
5fbbac682083f980708b753f5f9dda25,E,23,0,23,345.0
623ff6140e046aa975f6923e31e5f242,A,23,0,23,115.0
62830bae964acdc2436c51feff2f7ccd,B,23,0,23,6900.0
631af2fec435c40165a456bc7faaa842,A,23,0,23,115.0
6494dba8b14b888857a0980d9f71aef2,A,23,0,23,138.0
64ed13c5157a06cd36bb7d064ec68e84,A,23,0,23,736.0
6a8edc09aa5a204d7d92db154d4cb066,A,23,0,23,69.0
6bf2fb4dd11cc5c83c87951fe9002295,A,23,0,23,161.0
6cae4085f859e40479803fed54b45f86,A,23,0,23,736.0
6db556d9d78cc0c2fe1455b51de91198,A,23,0,23,368.0
6f491408878f390801ebe3f4c0b54ce2,A,23,0,23,276.0
70c0cab05f1b60d37876638e9f1cb2e3,A,23,0,23,138.0
73a79bfc36fd05b79599ef5b635a5218,A,23,0,23,155.0
73fb9eab114eebb036db76b327debed1,A,23,0,23,115.0
79d71605ca014fc64ed8c829b291c4ef,A,23,0,23,276.0
7deaa33bdeff09dd64b18e8b8c6d09bf,A,23,0,23,92.0
80076e032ee8422252a9e0222d9f897b,A,23,0,23,253.0
82763c6f4f504b7796343fdbc23e3bb0,B,23,0,23,69.0
8346513945733ba141a752603a074b4f,B,23,0,23,115.0
84e00b895151a2157ed3bbe964f449ff,A,23,0,23,184.0
852867dafd63351fb5eba1a42f765c54,D,23,0,23,0.0
85286f69618cb19141ac56346d978fe3,A,23,0,23,69.0
8642a2cf2d4b85d8b843ebce0c458514,A,23,0,23,296.9
869b2c65a099e54d185b0bd55e48b3c9,A,23,0,23,69.0
87c1076bfb749e6bd3933d9a8ad518fa,A,23,0,23,230.0
895609c627ac4376d99617b6a439c91a,A,23,0,23,69.0
8cf76cb79b9917ba578c26b9ebb344c5,B,23,0,23,1150.0
8d33f53a88a909aa29215fd9794328a7,A,23,0,23,23.0
8db8315e57ac51870592ae95ad1a0fd6,A,23,0,23,69.0
8e6ac49cfc652f613945d0122864a0bc,E,23,0,23,575.0
9060776b35d2a882d09df10adf11c7e0,A,23,0,23,184.0
94452f0b0d4326d194ccbfbe02dfafa3,A,23,0,23,46.0
96b1fb6906d491267aa048eb4b957868,A,23,0,23,276.0
987fc271effb1f9c8a5b45a20716f5e5,A,23,0,23,115.0
9889133924cc46551f623125cea62c29,A,23,0,23,322.0
99fa0bb5078bacc1cb277d068846a6a5,A,23,0,23,69.0
9c54c3adae5df9598c58f2d02541a480,A,23,0,23,115.0
9d931b34dad4bebcc1d68deb811deded,A,23,0,23,299.0
9ee335d1d23025b4d03c8bc61d0e27c8,A,23,0,23,115.0
a0c30ea476ad44e4f65100208679fed1,A,23,0,23,46.0
a694749218795cb15b6a78cbb0522dc1,A,23,0,23,115.0
a6e4fd12d107adf90777cc46a77c6bf2,A,23,0,23,92.0
a81975c1c6890ac87c00e0021b5184f3,A,23,0,23,46.0
a85772c412577ce4576e0110e8932543,A,23,0,23,230.0
ab75cfab0970032546cb7dc35ae5b958,A,23,0,23,23.0
ad607a00819cafb780cbf0ded47c99af,A,23,0,23,115.0
af386420a738ba7f1ae7183f252d7a1e,E,23,0,23,345.0
b53a3a3088a67bfd3f15a18dd8c5a195,A,23,0,23,207.0
b6c3afec7eba3014c5d8dd5631f72f15,A,23,0,23,69.0
b79f2b0041ef634705e147f64e437feb,A,23,0,23,230.0
b8c8d61f09bebb3bd37b21a78dd20637,A,23,0,23,115.0
c288b7920db91f77504130c40f91f779,A,23,0,23,184.0
c5227792d657bffc9464225feeb423ec,A,23,0,23,92.0
c7498292d9c9d202cf671366f2fc4aa5,A,23,0,23,138.0
cb64f9af0b12babaa605a308fd53c50e,E,23,0,23,46.0
cc9a69785003c0a6b20cbbc5521eccb2,E,23,0,23,115.0
cd634b5a70e336745caf96f5c10964a8,E,23,0,23,69.0
cdcac291ca9ebba92a89a2cc0ad4cd64,A,23,0,23,161.0
cfc7c0ff18e18fbe3b0778cce8d9722e,E,23,0,23,115.0
d0b3ce111a04da39ebc5e2ec167f6d1a,A,23,0,23,230.0
d12bd7e19298db430fee5dd373e15975,A,23,0,23,230.0
d7117d95c0297f37ea07574a82d30192,B,23,0,23,69.0
d773a792b53a19ba422f93d8de065c34,E,23,0,23,23.0
d87341209f70706738fe8ae8e57529a9,E,23,0,23,115.0
d97d4287cd69e6687999f87ec6415f5e,A,23,0,23,253.0
d996a876b2ccbe5393c99a4d6cd73dae,A,23,0,23,46.0
d9acde7d4ab5d01b88dc47c945b6dddd,E,23,0,23,230.0
dc373bbfedab7a7c469c31bb8e97cf3c,A,23,0,23,142.0
dd48a1a8f9db1413818d1117d59d2548,D,23,0,23,0.0
e4c525af962ef201cc8e0b958cb5245d,B,23,0,23,69.0
e632394a6e77d9e7c3fba4904723703e,A,23,0,23,69.0
e98effb04bb57d78e7a8d14fcf619ca8,A,23,0,23,207.0
eb2b1e47a470ea525c405910845d9d60,D,23,0,23,0.0
f21c25a94c82bc5bbd63f218b250bfab,A,23,0,23,230.0
f58460ee5e7aaa08eca3fb20e8bb3637,A,23,0,23,414.0
f71b12047dca5f0ec182ad9982781bd8,A,23,0,23,805.0
f741ca31813d18419f9f821fbb27175a,E,23,0,23,92.0
fc845f5c99983ae120dcfe7cc15a76fe,A,23,0,23,345.0
ff471db64052192b8c7f4613ac538a61,A,23,0,23,1104.0
01cb1180465ee19922204b9c045faf74,A,22,0,22,44.0
02454f79164386bc8b88fa946ab8517a,A,22,0,22,110.0
04126a47ac3ffb55c31045fd1523f70b,E,22,0,22,176.0
062686cf2b5b87e9e70fc084e6365286,A,22,0,22,154.0
084835ab5bafc50acade63178edb2c96,E,22,0,22,66.0
08b436b43ce028c6e2659d534a8bc200,A,22,0,22,352.0
0ab27454dd4459203d52c96bb846f03c,A,22,0,22,176.0
113b7b239b071a408cfb5ea37d28b641,A,22,0,22,176.0
12ad0582eea7afc4f68024aeb3e64275,A,22,0,22,484.0
146f75b81c92486c040ebfdc49ecaf00,E,22,0,22,22.0
1598add1f0fbc173c6ed17a72669b1b4,A,22,0,22,176.0
15ab7b82d0fdae5199c47464a1935a98,A,22,0,22,726.0
175c6194d0ac68050485ecaed8fb5d69,A,22,0,22,110.0
184d9c30b50a8a38917200593937fee6,A,22,0,22,66.0
190e544f8382a0b1090ecbe3ddf8422a,E,22,0,22,220.0
1a4ece4c79c4dafbe0306ca8bdf8bd0f,A,22,0,22,264.0
1b29246e90563501141babddc70c896d,A,22,0,22,330.0
1c3d05db4808cbc3efdd42206bcb23b7,A,22,0,22,110.0
1c96273458a797ba56f26ee6f7acf884,A,22,0,22,66.0
1ca92504bff4650e62bc3bb6aaf5b6b2,A,22,0,22,44.0
1d15f058cf7aeeeef275ae92e02756d3,A,22,0,22,176.0
1efe0e6042039635148732be93765273,E,22,0,22,110.0
1f517c17a6da0af08590974a07af32c5,A,22,0,22,220.0
1f8a7b9635121ccc732460b51c7b5ca5,B,22,0,22,4400.0
21a2ba923c58fda1569fc05ba36b89dc,A,22,0,22,264.0
235f65fbd5058f32c9d6496e41611bcf,A,22,0,22,462.0
278e1c2cbcb2cae7e27ad0cab064e501,A,22,0,22,44.0
29c8d397be2c1f5767ea3685139fa447,A,22,0,22,198.0
2aecb7123378528121a7fb3b43e5fa2d,A,22,0,22,44.0
321eba2e979c41b4be53bb93ef61923c,A,22,0,22,142.0
32a9658a10e6fc7e48c643c896ede5d4,A,22,0,22,220.0
331bf85c634eb8f556ed1bc3d407696d,A,22,0,22,242.0
3772513fad7de12cb46be954179e11ea,A,22,0,22,176.0
37b2041dd7795652098625af4cb8a5b8,A,22,0,22,154.0
3b9d1648cdec0c4af13dbc4d5171c8b1,A,22,0,22,44.0
3f426742ed0c0a8168af2e2a620e77df,A,22,0,22,66.0
3f646f697ec894345f5495ebb0244da3,A,22,0,22,66.0
40e4e4bc2792181195fcd2e2df673c6b,A,22,0,22,242.0
417d9c3e59833c360c662147ff84e529,A,22,0,22,44.0
417ff7592d09f97f59185705e1c482e5,A,22,0,22,176.0
466b24b9f70f0eea33b0e5db4493cd08,A,22,0,22,220.0
4813bac5649788b236f7e8a92c0271ee,A,22,0,22,220.0
4b92ea400bf5b92453c0b7b3bba1970d,A,22,0,22,66.0
5186db73190f659dd0a8a6bc02e2515a,A,22,0,22,418.0
531fd6b6d264d24490af80f333c2e0b9,B,22,0,22,0.0
563a45f3d3c61a086230a75090f2c192,A,22,0,22,66.0
5b0085f1b1f22571e39b1c7da1fea085,A,22,0,22,44.0
5b398f437da111363905fa1d27218172,A,22,0,22,132.0
5cd79424a09d56c96a2eb471931171ad,A,22,0,22,66.0
64bee06ad671b4b3b57b140f6cc73640,A,22,0,22,66.0
6564db538cfff4b863101689cac98c0b,A,22,0,22,66.0
658d797d24784448e2d7d98e63172a6d,E,22,0,22,220.0
659c046457154e494320cdc2a4e6e25a,A,22,0,22,132.0
65a57bcf275c174c59e902b4a726b103,A,22,0,22,220.0
6624ab1a7fa0673e1120f1d8bd02af74,B,22,0,22,66.0
6a5b5849d3300a0c18c4e4d2aaa37746,A,22,0,22,88.0
6d601974d71aecd038f12ec4640debc3,A,22,0,22,88.0
6d63078b7cf6c350448bf3bb9991952b,A,22,0,22,110.0
704fee01134a54c643f1876bf7b7bbfe,A,22,0,22,127.4
706060edca9985c61a18865b63aba90c,A,22,0,22,132.0
70895001d8e3b8595bbecc1560cb2698,A,22,0,22,176.0
70bd95dd42b0baabd978babad45b18ea,A,22,0,22,242.0
7a5a9d814ce1675ac28fb0adff7eb3af,A,22,0,22,220.0
7beb4ce79c7d7dc86f2512f42e855dbe,E,22,0,22,220.0
7dec2a70fd7a8205bd5cf1c9f8c1911f,A,22,0,22,110.0
8008a596a1aa46ae774e7999372f3032,A,22,0,22,396.0
805f3d5bf357350a394ba9b3d83bf40b,A,22,0,22,440.0
8278e4f3ce5323932bd3f6a8b64b3a50,A,22,0,22,286.0
870d3019172d51e79ff4943455cd6a73,E,22,0,22,220.0
8ab6e29ece70ab6f08310edf00b62f7b,A,22,0,22,132.0
8cb2c2dfb006836e232f384cf617745c,A,22,0,22,66.0
8f7e156d3a2ccf41e73a39809f05ae8e,A,22,0,22,396.0
9116d6c719e0d3f20adcb93de00a316a,A,22,0,22,176.0
922389bc981344a9eeb9e84ae6ab4b85,A,22,0,22,132.0
9589557385779070ca7a639e9bd03df0,A,22,0,22,66.0
982fa8ba97a543bc9fd7d84c8020edef,A,22,0,22,220.0
9a69ae4c8e98c617f8190bea131cc023,A,22,0,22,198.0
9e23e5dd96170ca058bd53ce625f8e12,E,22,0,22,44.0
9e72703eec026d6fe2b87956a698ee9c,A,22,0,22,220.0
9ed3bcbd0b4e26bb2dc883ecae75868d,E,22,0,22,220.0
9facd15aeeeeec43aa3fd2b7871924d6,A,22,0,22,264.0
a04377071f6091bb215aea714f04833a,A,22,0,22,330.0
a189682adc8950a1bccb7c6454317a67,A,22,0,22,110.0
a20bd03ed7ba1326ac96fecc7e1e0ef0,A,22,0,22,154.0
a25e026efd2e6824be0443bbac75ad30,A,22,0,22,132.0
a5b6a4ed7fff3fec75f2fd186645b69f,A,22,0,22,396.0
a65c6e8f70b284b7e4303ca6746ef869,E,22,0,22,44.0
a74cebd2623de8d183bae46159816867,B,22,0,22,11000.0
a77f61734ce80d5fd18695c6d77cb1ce,A,22,0,22,154.0
a858a0f90865c181c6123ab6704425df,A,22,0,22,220.0
ab9b6da6a8a1585fcc8f6055d24f538a,A,22,0,22,110.0
b576d6b33505cfaae0a7beda1fc98dfe,A,22,0,22,220.0
b58a43402d1cb1d8d4629df1d1f6d933,A,22,0,22,440.0
b5c9d9b1779963d69e4a182524b580f6,B,22,0,22,1100.0
b809795c7c802927cd2ddf92ee861890,A,22,0,22,176.0
ba3783748c8293ad5fff9fa7619fb40e,A,22,0,22,135.0
bdaab3aefc73ef9e7f6def536a5bffc6,A,22,0,22,198.0
bec7a666e696f4b9dfee3dfe817326a7,A,22,0,22,176.0
c068dc60090ec625ad3b5fb8d06cde02,A,22,0,22,198.0
c0df586853a930c48cf0be32eb7e110d,E,22,0,22,110.0
c175b731a1818696c211410ba4a9170b,E,22,0,22,110.0
c5b8be64606e12985deaf50f6434dc71,A,22,0,22,66.0
c8024c259cea572b7a7391269c11eaba,D,22,0,22,0.0
c9d38a48f368496e9a2cb278a00c0d33,A,22,0,22,242.0
ca19e036401f4248d2a5c7936e58dbb7,A,22,0,22,154.0
cb04c82adaf264f103f9a06db0d4a8a0,A,22,0,22,286.0
cc841ee35f075ad94fa110f2a1e19128,E,22,0,22,110.0
d05b8bb612b6ff47ee360276c0173cd0,A,22,0,22,176.0
d1fe478f16d81354d345d39f7adc0090,D,22,0,22,0.0
d3c34bd64b721a2d7d99a0f24215a028,A,22,0,22,462.0
d4205510265254e9e07147fe26484cc2,E,22,0,22,220.0
d4d3a249ff749a7a231f4f5001c875ca,A,22,0,22,66.0
d555ec1deb8bf80a6068da094bd0f801,A,22,0,22,440.0
d96be98e33663e9e5f7fd60804215a10,A,22,0,22,176.0
dcda3831f1b22d41647613eb24f275ed,A,22,0,22,110.0
dd0e91302a151ade8ba1a6da0ee691a4,A,22,0,22,66.0
def1a2edfe49d9f7160e7d38882f6140,B,22,0,22,110.0
e0a7d42296a5598536680e79a0c560fc,A,22,0,22,66.0
e20488c8b40cda69b321741c191903e8,A,22,0,22,198.0
e236a22e271b32dd2380fbd325fc56bc,A,22,0,22,66.0
e354c2c5aa0806892951025746762c23,D,22,0,22,0.0
e523413772f8e79f8de07aab84830a55,A,22,0,22,396.0
e6155dba7e74bc1336a4aba49dc85524,A,22,0,22,220.0
e6c223a3816edabad2b6ee1e17f784a6,A,22,0,22,616.0
e84d6fe37a998a0119e16b3360156f3d,A,22,0,22,44.0
ebcaba683667dedece6789ec6f2bf9c4,E,22,0,22,110.0
edca94dcc8b5dac4356064079a08df13,A,22,0,22,176.0
f1f018d6f4eb2756e6a51407e8f93abd,E,22,0,22,132.0
f2399d5852374db435e5414c6d0f1403,A,22,0,22,44.0
f97616df989bb8c3afcba0657aaca8c3,A,22,0,22,176.0
fec4ac01a00677d19c99f4ebf2cfef6c,A,22,0,22,154.0
fececd8527d1a7d7923b9b99452379d1,A,22,0,22,220.0
01d4fe31dfb88834bf6eb90297d9e4f0,A,21,0,21,84.0
01ec6259978175ba14c955797d8d5bbc,A,21,0,21,189.0
082bf524e7913866b072f72882181a13,E,21,0,21,105.0
0b1debb22b05a84c416f6675c47675df,A,21,0,21,147.0
0c0bc0dcb737576776ebd8948775ea92,A,21,0,21,504.0
0e8715adb479ea60a658af745491b897,B,21,0,21,210.0
0ef984a68120f34520ef4b3ca72a4862,A,21,0,21,63.0
109f6765e37c4b055485d035013f28be,A,21,0,21,252.0
11333f948ebe0b0a9e3cee757f291919,A,21,0,21,105.0
132087a2ef2bca4fc2fa097d7de7506e,A,21,0,21,147.0
14674f43b58e36f4ae8b6e60e579b217,D,21,0,21,0.0
1781fbd4e2a2465dce5f33d712e4b568,A,21,0,21,105.0
1e52cbc40b2b4875e8c1d3763b00d741,A,21,0,21,210.0
1ea9a271b991a027376680b69994dc19,A,21,0,21,210.0
1f1dee6b0783037e8c02a0c49dd1c20f,A,21,0,21,168.0
1feeeb3ba848cb3ac27d08c1a8dde7e5,A,21,0,21,105.0
283b3269bb8f964aa3ac980a1294ba5a,A,21,0,21,63.0
293364ee2c73afa6b25753a9933d3edd,A,21,0,21,210.0
2983f85f09f3da67a5b6c14c2d72584a,E,21,0,21,105.0
2b5026cb8268a7b6e5afb87abf888fb5,E,21,0,21,42.0
2be711b70d19439bcb92621f4ca28a85,E,21,0,21,105.0
2e7851e7ed9078fd19bff74090d26175,A,21,0,21,210.0
2fd5fcace01ea95f9718998fc77abe17,A,21,0,21,147.0
31bf097f0f5d426a0f335aa3d8ec3b13,A,21,0,21,168.0
35e6cdc1d981c35fc37ab8bd7932eaae,A,21,0,21,63.0
39980bc5068b353990ac82f573bc55bc,A,21,0,21,210.0
3bc3132664c74ac627a875a588dca226,A,21,0,21,378.0
3d679bd3b1d034e0ee050505543f2a57,A,21,0,21,147.0
3dc81cf2ae542dcd1305ec4de9627a1f,A,21,0,21,63.0
3e4ae476135b743df9867e5a61db96cf,A,21,0,21,126.0
40c581f359fae7c3877bd2a353fcd47a,A,21,0,21,210.0
422b88642952fe98f24259a58c75946a,A,21,0,21,105.0
434dadd9cba8574999ad08414ff3bce0,A,21,0,21,231.0
45b3e1cee2aee60b0e84f1d334f329fa,A,21,0,21,420.0
466aa7829fb43a19992f6871ccab37ec,A,21,0,21,63.0
46a14cd85d4e8ac8f4b73eaa2af0cace,A,21,0,21,210.0
471193d012f7a1e4765a5549d8384cea,E,21,0,21,42.0
4964ff87999e84bb8fcb4f9f575dbaba,A,21,0,21,126.0
4af2a58fc788b1cf7360f9a8f306efb0,E,21,0,21,105.0
4b194864ac4cbe6c04fbfe53e8e9c8ef,A,21,0,21,336.0
4cda003c53f945dd838ea6a8393a5ea3,A,21,0,21,63.0
4d489c1625d3340b0eddd1bbb4f84ad6,A,21,0,21,42.0
500d2ad11850b32e8f609cb594cb6c2e,A,21,0,21,84.0
568095b340d9253ed3394b1b8a3ff042,E,21,0,21,42.0
58aa1c1ee8ddaba8501e5941d963bb5c,A,21,0,21,357.0
5e18a457774764f43e275f20b047b562,A,21,0,21,168.0
617c7e0458ed4a09b835af34d70d5011,A,21,0,21,315.0
62ccc02991da6193b91ae082a2a0afd0,E,21,0,21,105.0
6540b4d097316b2c991b4d45a270e73a,A,21,0,21,42.0
66bbb56f6c0ac07a7eff7ab9873e60ad,A,21,0,21,21.0
66e5af7c67749f122e97396951f69f79,A,21,0,21,42.0
68fa0078c5c8e2a72f481a63695958a8,A,21,0,21,42.0
69ca536ad7ef31c247008477ca4462dd,A,21,0,21,315.0
6a29fb03301eaf1126226941d668441f,A,21,0,21,630.0
6ab7b08dc422113bf89bed06174e1182,B,21,0,21,882.0
6bda259ba6f1a481b9d1cc0228c44a2a,E,21,0,21,105.0
6d29d5f24239371e05d329b47c30422d,E,21,0,21,105.0
6e7652d08e64dbf8a2aa2204f5143948,A,21,0,21,168.0
6ff3d309a7a4cb1579e98b493ae3f16b,A,21,0,21,105.0
7158634d5faa10a5b1d0a94c1f3a9421,A,21,0,21,42.0
72be91af0df50240b3ba349cf7d99608,A,21,0,21,42.0
754f21394e7accf720f790413fcd74f7,A,21,0,21,168.0
784dffa4155a318bdeca92611211429f,A,21,0,21,609.0
7ecae567868b6da6d30417b324b7e310,A,21,0,21,126.0
8719624a52a23e8f76194cbd7ba9fc62,A,21,0,21,168.0
878129707399841fe233efd6654b91c4,A,21,0,21,147.0
8e548e7ac968c9c0d14a6f87b7d1dee0,A,21,0,21,168.0
91b62cd49ef099bf1e799dc6e46a2741,A,21,0,21,210.0
92d7b6615f466452a51fd79a601cdeab,A,21,0,21,168.0
942394a2c95509a3103cb3b69a9c8cd9,A,21,0,21,168.0
95fd70f116d006b9203603767521c049,A,21,0,21,462.0
9638056cecfc4e3dccf13181d805297c,A,21,0,21,315.0
973a8ea063ead45e91bcd26515fac424,A,21,0,21,42.0
981e5d019f74e356cd5883df623ea855,A,21,0,21,42.0
9b0cc275c2f37c68873043817e026989,B,21,0,21,4200.0
9dfa90b47fb5223ad397e9ba918a6301,E,21,0,21,42.0
a3ee18c7e59f62e73af88e75a86c2e2f,E,21,0,21,42.0
a61ada296f253fceda44a6928f0192ce,A,21,0,21,126.0
a6dbb4ded36f953e1b0723ae6e9124eb,A,21,0,21,861.0
a855853041cb047fe01fe9641c09c047,A,21,0,21,63.0
a8ec092717fff17a2d46a750d7ce2a4e,E,21,0,21,210.0
ab6e8045905402083048c12af2a00d9d,A,21,0,21,105.0
ad6bcd8dba07e38a46f27ec234e254a4,E,21,0,21,105.0
ad8f9786872edfa102f7204c82b56244,E,21,0,21,102.9
aeec816e23f44f60671dcfcb38580ccc,A,21,0,21,252.0
b11dd4ea69af45767b7a93e14c6e6486,E,21,0,21,42.0
b16a4e522ed423f2d2b8392c56606a91,A,21,0,21,105.0
b47d86aa14704c147ba17128a0e7b618,A,21,0,21,210.0
b58a4827d7af86fbd1f3d717ef431da1,A,21,0,21,42.0
b9303d0a69384f4abf0a34757c263e0d,E,21,0,21,42.0
b95b131881dda7cc12882594372198b8,D,21,0,21,0.0
bb4495b91facddc344efcb567861ba3f,A,21,0,21,63.0
bd7601a53d2a78cd2c2896e257a50e8b,A,21,0,21,42.0
bdf9f8630a215442315377d7939f700d,A,21,0,21,63.0
be704324d176b43f0638330db2fbec89,A,21,0,21,84.0
bfab0405bf479bb19b94c242d6272de4,A,21,0,21,483.0
c054a43906b2f5412642c4d69873e22d,D,21,0,21,0.0
c3440b8a05bdaf620ad7f68590704256,A,21,0,21,42.0
c5e0131e6eef3a2aa2506979f5c75874,A,21,0,21,84.0
c6b71d3328865b893958596173a60d73,A,21,0,21,189.0
c8cb2046ea85e1e58918d85d516b163b,A,21,0,21,546.0
cb83edf9fd817486a19fb0d01f49b333,A,21,0,21,21.0
cba0128c084ba448aa824e1eca66e12c,E,21,0,21,105.0
ccd6376b255d7f5b79f14c066461b68d,A,21,0,21,118.0
ce4517a7972cca14ab569ee1f09809ba,E,21,0,21,210.0
d11b2acf2e764ff90c56a7ed14fc8c39,A,21,0,21,336.0
d26872f8959740df8367446e1e879ecb,A,21,0,21,210.0
d2b94113209892562f1d360cdb6015cf,A,21,0,21,273.0
d498a54f4996e011ddc87f3361487a8b,A,21,0,21,147.0
d7b14546ef74195b8f5c1c6812d199c1,A,21,0,21,168.0
d93857cd81d16269bfb02540c1799047,A,21,0,21,63.0
db06cdb521e398aa124b394b9242147d,A,21,0,21,441.0
db43e7aa5d07befcc704afdf61d06f56,A,21,0,21,42.0
dce25a4e580f3ec95dca8fff82214798,A,21,0,21,147.0
e10ffb82954ee316f652e354cbe8d493,B,21,0,21,10500.0
e1ded154d8c2b9a983638b7fd5cb054b,A,21,0,21,336.0
e2aa2f9ec52cc4e38269c8bbfe2d42a9,A,21,0,21,105.0
e3e666735142414c43998c58cb1208cf,A,21,0,21,63.0
e42b951a7606fc484fc6990b0eb21e23,A,21,0,21,63.0
e53bc5a13ff798cb7ba1455246e0438c,A,21,0,21,126.0
e6319c0e0a16b5fe4e71f5b7033d9638,A,21,0,21,126.0
e91e882f08818fc3c627a8a3178c5aa0,A,21,0,21,63.0
f1cebac2fecf749482c8cf5d2b387cb0,E,21,0,21,105.0
f1d9d8c672883f46474d51b1286f1169,A,21,0,21,63.0
f3077b76c9b6bb332fd6daef473e5fd6,E,21,0,21,1115.1
f4f9c6b75320be72b90387c53c317855,E,21,0,21,210.0
f7ce68152f0351438acce9c7d2e8279d,A,21,0,21,168.0
fa170b2b034ad9a0b53ecee79385d40b,A,21,0,21,42.0
fc36b61b431bdbbfbd64974ecbab97e6,A,21,0,21,168.0
fc9368149dc674d0e9f16cfd470a335a,A,21,0,21,147.0
fdc700901d6ec55b56789941f6f81d24,A,21,0,21,210.0
fe047b7426e90d437a4970374ca5df21,A,21,0,21,105.0
0076beb8b55ab8b742a5b0ef7fc1442b,E,20,0,20,300.0
024cda14321675c5fcbd962e17e63981,A,20,0,20,240.0
0376662b5d1d23a4061c067051b58b12,A,20,0,20,720.0
042a18cf7b6d9d1a990cb2c26ac4072c,D,20,0,20,0.0
0505c20432eeaae30939dd4573c5f48b,A,20,0,20,60.0
054aa0c776ea3619ab5edbc4f7b819da,E,20,0,20,100.0
05aa4c7934f0031adf590e446ef7925c,A,20,0,20,60.0
062eb3b3001f6e0698261995ea814b40,A,20,0,20,240.0
079fd023117b2679c28c03ffd78b01f6,A,20,0,20,40.0
07d8b337f9f231e857d9fc55f306ee35,A,20,0,20,160.0
092a9d472e5f0a064064536f9a5a73cd,A,20,0,20,160.0
094334e967b61a76d568ecf7e72c3e1e,A,20,0,20,360.0
0bee973c9b191757a4f15836838806b5,A,20,0,20,220.0
0d80c63680f91abf0d7ee2b971de8915,A,20,0,20,60.0
0d812ebe7187899ea7661fc8b3dfd58f,A,20,0,20,160.0
0d8c043f6d1caea2d045b4e71680815d,B,20,0,20,760.0
13da7cf99d688dffe9290af517f3df7b,A,20,0,20,160.0
155a354e393ed4abe3f9695bb7eb5fe4,E,20,0,20,60.0
16aeb5d063dda0f5f77ad6238190afff,E,20,0,20,200.0
17b343e2f833b033434a533d0313268f,A,20,0,20,880.0
18ce080393d0c2adf6b4251aee71e386,A,20,0,20,260.0
192c4d1e9b5a45b159883df76ad63f1f,A,20,0,20,120.0
1a2251330dfc3c73b38d5285d7d0d545,E,20,0,20,400.0
206dececa00657a290dddc750d404155,E,20,0,20,160.0
23c2e5037673f9d59f9b4f4b6ee6b14a,A,20,0,20,160.0
24397b14eab9ac4ea87ddcc28e474d2d,A,20,0,20,100.0
24648c8fcb34dfeedd27dd6ad77fa20e,A,20,0,20,20.0
2527616a92c3e42767f7e30287a0b8d9,A,20,0,20,40.0
266471c02c747ff1ad95e2e806102083,E,20,0,20,60.0
2810f77d8399a693aace4a377195d206,D,20,0,20,0.0
286accb21a3d281641850ee3c4657baa,B,20,0,20,4000.0
28d3554fa6d4e0e0c47c0b4f7c08a9db,E,20,0,20,120.0
28e88fbf97c3786ffc78e0015f77cb8e,A,20,0,20,160.0
2c0895c0c82359c82204d6140d832963,A,20,0,20,0.0
2cd53ee25e52daacaae5ae8e9832b5d5,A,20,0,20,260.0
2d43347c9a6afc423d132c469392bc07,A,20,0,20,40.0
2e6b5ccca9729ff92345f5bfc7c21585,A,20,0,20,100.0
2fc81ea8703d07ad4d661ef3c0526999,A,20,0,20,260.0
3053bb2cc94c7fe70cbbe78d1b3df05a,A,20,0,20,60.0
30bbecdfdd9afa0457e650840e786395,A,20,0,20,160.0
32bf5f32348d606d6f0fcfc1920a89a7,E,20,0,20,100.0
3501f4c3cfca18de1948229d8a2c44cc,A,20,0,20,160.0
351350d777b454d1decc07e114d68993,A,20,0,20,100.0
377181207d52caa3a9eb5a17901963e3,A,20,0,20,40.0
3795b93848ebd2d47c44821c95c68e3a,A,20,0,20,160.0
39229094ded0c026e91a339a27138033,A,20,0,20,320.0
3a4604b8eea7e9db6ee32a14bac10023,A,20,0,20,40.0
3bc1a6ec33d3c4d47a2cc7374754b959,A,20,0,20,180.0
3d0362f8b2279077c6705990d5197f7a,E,20,0,20,60.0
3dda58dd4e17fd30eca2f225f8fd2ff7,B,20,0,20,200.0
3e0da3f063bf9aa2295a4b85f331bbfd,A,20,0,20,100.0
3ede00fb6e3d7c12ede12a7204808c2b,A,20,0,20,200.0
422a8e838aecfbe50e66fbae603eb71e,A,20,0,20,360.0
4805d31a0defe33502c3a346cffe9efe,A,20,0,20,300.0
4cdc053cd2cbf301a6f6e9516b802e8a,A,20,0,20,140.0
4dd38a3a489210e21b4850e68e9f1495,A,20,0,20,100.0
4e4cc2ed26b6d98a74c390846b400ac8,A,20,0,20,100.0
5084f0d1576c296b6845b1b8cc2b349f,A,20,0,20,200.0
50fa7e4638f4c2db188cde4550a7baf2,A,20,0,20,60.0
52a2eaa4181d764a87ee4761c15f5afc,E,20,0,20,360.0
55fc21043a6eb28366361875748b635f,A,20,0,20,121.0
56f24c999baaab31f5ad6fd40c501088,A,20,0,20,180.0
57e5945ecc1a488268a0b918a1179a04,E,20,0,20,99.8
581edbf9117f62819162876930648ead,A,20,0,20,100.0
58f7dd422b62c937af75366ee2507955,A,20,0,20,60.0
59f33cec3a1ad45d1db357497db64ca5,A,20,0,20,100.0
5a783127dd10b728b43f3c0a758ac767,A,20,0,20,340.0
5a9d183af8e24941c5bb15cf809e6d78,E,20,0,20,40.0
5bc4a27b1cbb34e4d64367ed7b2ecde4,A,20,0,20,976.0
609596152ad6869c8bbe9c696f270f86,A,20,0,20,320.0
6181fc80391239a18505270d19087cfa,A,20,0,20,200.0
625a3754223a4d96dbc5f24f8eadae1f,E,20,0,20,40.0
63279c1aaa048d601775964de919d6d8,A,20,0,20,100.0
6397795c739693e7b2965656249575ba,A,20,0,20,200.0
64a721145d84717e9619a07525aa6545,A,20,0,20,80.0
653d4176e0b18cba998fc002eda7382e,A,20,0,20,360.0
67afbf5ba5b5f744610795a9a50f1f86,A,20,0,20,280.0
6957d57f51702451feab5353e295fbda,E,20,0,20,60.0
6b8b847f616572c0cbe7757ef6117240,E,20,0,20,100.0
6c8f065178c4a8b226f467f74efe7ebf,A,20,0,20,180.0
